file,channels,labels
2510001A01.mat,18,"Cz,CPz,F8,T8,TP10,P8,O2,F4,C4,CP4,F7,T7,TP9,P7,O1,F3,C3,CP3"
2510001C01.mat,18,"Cz,CPz,F8,T8,TP10,P8,O2,F4,C4,CP4,F7,T7,TP9,P7,O1,F3,C3,CP3"
2510001L01.mat,18,"Cz,CPz,F8,T8,TP10,P8,O2,F4,C4,CP4,F7,T7,TP9,P7,O1,F3,C3,CP3"
2510101A01.mat,18,"Cz,CPz,F8,T8,TP10,P8,O2,F4,C4,CP4,F7,T7,TP9,P7,O1,F3,C3,CP3"
2510101C01.mat,18,"Cz,CPz,F8,T8,TP10,P8,O2,F4,C4,CP4,F7,T7,TP9,P7,O1,F3,C3,CP3"
2510101L01.mat,18,"Cz,CPz,F8,T8,TP10,P8,O2,F4,C4,CP4,F7,T7,TP9,P7,O1,F3,C3,CP3"
2510201A01.mat,18,"Cz,CPz,F8,T8,TP10,P8,O2,F4,C4,CP4,F7,T7,TP9,P7,O1,F3,C3,CP3"
2510201C01.mat,18,"Cz,CPz,F8,T8,TP10,P8,O2,F4,C4,CP4,F7,T7,TP9,P7,O1,F3,C3,CP3"
2510201L01.mat,18,"Cz,CPz,F8,T8,TP10,P8,O2,F4,C4,CP4,F7,T7,TP9,P7,O1,F3,C3,CP3"
2510301A01.mat,18,"Cz,CPz,F8,T8,TP10,P8,O2,F4,C4,CP4,F7,T7,TP9,P7,O1,F3,C3,CP3"
2510301C01.mat,18,"Cz,CPz,F8,T8,TP10,P8,O2,F4,C4,CP4,F7,T7,TP9,P7,O1,F3,C3,CP3"
2510301L01.mat,18,"Cz,CPz,F8,T8,TP10,P8,O2,F4,C4,CP4,F7,T7,TP9,P7,O1,F3,C3,CP3"
2510401A01.mat,18,"Cz,CPz,F8,T8,TP10,P8,O2,F4,C4,CP4,F7,T7,TP9,P7,O1,F3,C3,CP3"
2510401C01.mat,18,"Cz,CPz,F8,T8,TP10,P8,O2,F4,C4,CP4,F7,T7,TP9,P7,O1,F3,C3,CP3"
2510401L01.mat,18,"Cz,CPz,F8,T8,TP10,P8,O2,F4,C4,CP4,F7,T7,TP9,P7,O1,F3,C3,CP3"
2510501A01.mat,18,"Cz,CPz,F8,T8,TP10,P8,O2,F4,C4,CP4,F7,T7,TP9,P7,O1,F3,C3,CP3"
2510501C01.mat,18,"Cz,CPz,F8,T8,TP10,P8,O2,F4,C4,CP4,F7,T7,TP9,P7,O1,F3,C3,CP3"
2510501L01.mat,18,"Cz,CPz,F8,T8,TP10,P8,O2,F4,C4,CP4,F7,T7,TP9,P7,O1,F3,C3,CP3"
2510601A01.mat,18,"Cz,CPz,F8,T8,TP10,P8,O2,F4,C4,CP4,F7,T7,TP9,P7,O1,F3,C3,CP3"
2510601C01.mat,18,"Cz,CPz,F8,T8,TP10,P8,O2,F4,C4,CP4,F7,T7,TP9,P7,O1,F3,C3,CP3"
2510601L01.mat,18,"Cz,CPz,F8,T8,TP10,P8,O2,F4,C4,CP4,F7,T7,TP9,P7,O1,F3,C3,CP3"
2510701A01.mat,18,"Cz,CPz,F8,T8,TP10,P8,O2,F4,C4,CP4,F7,T7,TP9,P7,O1,F3,C3,CP3"
2510701C01.mat,18,"Cz,CPz,F8,T8,TP10,P8,O2,F4,C4,CP4,F7,T7,TP9,P7,O1,F3,C3,CP3"
2510701L01.mat,18,"Cz,CPz,F8,T8,TP10,P8,O2,F4,C4,CP4,F7,T7,TP9,P7,O1,F3,C3,CP3"
2510801A01.mat,18,"Cz,CPz,F8,T8,TP10,P8,O2,F4,C4,CP4,F7,T7,TP9,P7,O1,F3,C3,CP3"
2510801C01.mat,18,"Cz,CPz,F8,T8,TP10,P8,O2,F4,C4,CP4,F7,T7,TP9,P7,O1,F3,C3,CP3"
2510801L01.mat,18,"Cz,CPz,F8,T8,TP10,P8,O2,F4,C4,CP4,F7,T7,TP9,P7,O1,F3,C3,CP3"
2510901A01.mat,18,"Cz,CPz,F8,T8,TP10,P8,O2,F4,C4,CP4,F7,T7,TP9,P7,O1,F3,C3,CP3"
2510901C01.mat,18,"Cz,CPz,F8,T8,TP10,P8,O2,F4,C4,CP4,F7,T7,TP9,P7,O1,F3,C3,CP3"
2510901L01.mat,18,"Cz,CPz,F8,T8,TP10,P8,O2,F4,C4,CP4,F7,T7,TP9,P7,O1,F3,C3,CP3"
2511001A01.mat,18,"Cz,CPz,F8,T8,TP10,P8,O2,F4,C4,CP4,F7,T7,TP9,P7,O1,F3,C3,CP3"
2511001C01.mat,18,"Cz,CPz,F8,T8,TP10,P8,O2,F4,C4,CP4,F7,T7,TP9,P7,O1,F3,C3,CP3"
2511001L01.mat,18,"Cz,CPz,F8,T8,TP10,P8,O2,F4,C4,CP4,F7,T7,TP9,P7,O1,F3,C3,CP3"
2511101A01.mat,18,"Cz,CPz,F8,T8,TP10,P8,O2,F4,C4,CP4,F7,T7,TP9,P7,O1,F3,C3,CP3"
2511101C01.mat,18,"Cz,CPz,F8,T8,TP10,P8,O2,F4,C4,CP4,F7,T7,TP9,P7,O1,F3,C3,CP3"
2511101L01.mat,18,"Cz,CPz,F8,T8,TP10,P8,O2,F4,C4,CP4,F7,T7,TP9,P7,O1,F3,C3,CP3"
2511201A01.mat,18,"Cz,CPz,F8,T8,TP10,P8,O2,F4,C4,CP4,F7,T7,TP9,P7,O1,F3,C3,CP3"
2511201C01.mat,18,"Cz,CPz,F8,T8,TP10,P8,O2,F4,C4,CP4,F7,T7,TP9,P7,O1,F3,C3,CP3"
2511201L01.mat,18,"Cz,CPz,F8,T8,TP10,P8,O2,F4,C4,CP4,F7,T7,TP9,P7,O1,F3,C3,CP3"
2511301A01.mat,18,"Cz,CPz,F8,T8,TP10,P8,O2,F4,C4,CP4,F7,T7,TP9,P7,O1,F3,C3,CP3"
2511301C01.mat,18,"Cz,CPz,F8,T8,TP10,P8,O2,F4,C4,CP4,F7,T7,TP9,P7,O1,F3,C3,CP3"
2511301L01.mat,18,"Cz,CPz,F8,T8,TP10,P8,O2,F4,C4,CP4,F7,T7,TP9,P7,O1,F3,C3,CP3"
2511401A01.mat,18,"Cz,CPz,F8,T8,TP10,P8,O2,F4,C4,CP4,F7,T7,TP9,P7,O1,F3,C3,CP3"
2511401C01.mat,18,"Cz,CPz,F8,T8,TP10,P8,O2,F4,C4,CP4,F7,T7,TP9,P7,O1,F3,C3,CP3"
2511401L01.mat,18,"Cz,CPz,F8,T8,TP10,P8,O2,F4,C4,CP4,F7,T7,TP9,P7,O1,F3,C3,CP3"
2511501A01.mat,17,"Cz,CPz,F8,T8,TP10,P8,F4,C4,CP4,F7,T7,TP9,P7,O1,F3,C3,CP3"
2511501C01.mat,17,"Cz,CPz,F8,T8,TP10,P8,F4,C4,CP4,F7,T7,TP9,P7,O1,F3,C3,CP3"
2511501L01.mat,17,"Cz,CPz,F8,T8,TP10,P8,F4,C4,CP4,F7,T7,TP9,P7,O1,F3,C3,CP3"
2511601A01.mat,18,"Cz,CPz,F8,T8,TP10,P8,O2,F4,C4,CP4,F7,T7,TP9,P7,O1,F3,C3,CP3"
2511601C01.mat,18,"Cz,CPz,F8,T8,TP10,P8,O2,F4,C4,CP4,F7,T7,TP9,P7,O1,F3,C3,CP3"
2511601L01.mat,18,"Cz,CPz,F8,T8,TP10,P8,O2,F4,C4,CP4,F7,T7,TP9,P7,O1,F3,C3,CP3"
2511701A01.mat,18,"Cz,CPz,F8,T8,TP10,P8,O2,F4,C4,CP4,F7,T7,TP9,P7,O1,F3,C3,CP3"
2511701C01.mat,18,"Cz,CPz,F8,T8,TP10,P8,O2,F4,C4,CP4,F7,T7,TP9,P7,O1,F3,C3,CP3"
2511701L01.mat,18,"Cz,CPz,F8,T8,TP10,P8,O2,F4,C4,CP4,F7,T7,TP9,P7,O1,F3,C3,CP3"
2511801A01.mat,18,"Cz,CPz,F8,T8,TP10,P8,O2,F4,C4,CP4,F7,T7,TP9,P7,O1,F3,C3,CP3"
2511801C01.mat,18,"Cz,CPz,F8,T8,TP10,P8,O2,F4,C4,CP4,F7,T7,TP9,P7,O1,F3,C3,CP3"
2511801L01.mat,18,"Cz,CPz,F8,T8,TP10,P8,O2,F4,C4,CP4,F7,T7,TP9,P7,O1,F3,C3,CP3"
2511901A01.mat,17,"Cz,CPz,T8,TP10,P8,O2,F4,C4,CP4,F7,T7,TP9,P7,O1,F3,C3,CP3"
2511901C01.mat,17,"Cz,CPz,T8,TP10,P8,O2,F4,C4,CP4,F7,T7,TP9,P7,O1,F3,C3,CP3"
2511901L01.mat,17,"Cz,CPz,T8,TP10,P8,O2,F4,C4,CP4,F7,T7,TP9,P7,O1,F3,C3,CP3"
2512001A01.mat,18,"Cz,CPz,F8,T8,TP10,P8,O2,F4,C4,CP4,F7,T7,TP9,P7,O1,F3,C3,CP3"
2512001C01.mat,18,"Cz,CPz,F8,T8,TP10,P8,O2,F4,C4,CP4,F7,T7,TP9,P7,O1,F3,C3,CP3"
2512001L01.mat,18,"Cz,CPz,F8,T8,TP10,P8,O2,F4,C4,CP4,F7,T7,TP9,P7,O1,F3,C3,CP3"
2512101A01.mat,18,"Cz,CPz,F8,T8,TP10,P8,O2,F4,C4,CP4,F7,T7,TP9,P7,O1,F3,C3,CP3"
2512101C01.mat,18,"Cz,CPz,F8,T8,TP10,P8,O2,F4,C4,CP4,F7,T7,TP9,P7,O1,F3,C3,CP3"
2512101L01.mat,18,"Cz,CPz,F8,T8,TP10,P8,O2,F4,C4,CP4,F7,T7,TP9,P7,O1,F3,C3,CP3"
2512201A01.mat,18,"Cz,CPz,F8,T8,TP10,P8,O2,F4,C4,CP4,F7,T7,TP9,P7,O1,F3,C3,CP3"
2512201C01.mat,18,"Cz,CPz,F8,T8,TP10,P8,O2,F4,C4,CP4,F7,T7,TP9,P7,O1,F3,C3,CP3"
2512201L01.mat,18,"Cz,CPz,F8,T8,TP10,P8,O2,F4,C4,CP4,F7,T7,TP9,P7,O1,F3,C3,CP3"
2512301A01.mat,18,"Cz,CPz,F8,T8,TP10,P8,O2,F4,C4,CP4,F7,T7,TP9,P7,O1,F3,C3,CP3"
2512301C01.mat,18,"Cz,CPz,F8,T8,TP10,P8,O2,F4,C4,CP4,F7,T7,TP9,P7,O1,F3,C3,CP3"
2512301L01.mat,18,"Cz,CPz,F8,T8,TP10,P8,O2,F4,C4,CP4,F7,T7,TP9,P7,O1,F3,C3,CP3"
2512401A01.mat,18,"Cz,CPz,F8,T8,TP10,P8,O2,F4,C4,CP4,F7,T7,TP9,P7,O1,F3,C3,CP3"
2512401C01.mat,18,"Cz,CPz,F8,T8,TP10,P8,O2,F4,C4,CP4,F7,T7,TP9,P7,O1,F3,C3,CP3"
2512401L01.mat,18,"Cz,CPz,F8,T8,TP10,P8,O2,F4,C4,CP4,F7,T7,TP9,P7,O1,F3,C3,CP3"
2512501A01.mat,18,"Cz,CPz,F8,T8,TP10,P8,O2,F4,C4,CP4,F7,T7,TP9,P7,O1,F3,C3,CP3"
2512501C01.mat,18,"Cz,CPz,F8,T8,TP10,P8,O2,F4,C4,CP4,F7,T7,TP9,P7,O1,F3,C3,CP3"
2512501L01.mat,18,"Cz,CPz,F8,T8,TP10,P8,O2,F4,C4,CP4,F7,T7,TP9,P7,O1,F3,C3,CP3"
2512601A01.mat,18,"Cz,CPz,F8,T8,TP10,P8,O2,F4,C4,CP4,F7,T7,TP9,P7,O1,F3,C3,CP3"
2512601C01.mat,18,"Cz,CPz,F8,T8,TP10,P8,O2,F4,C4,CP4,F7,T7,TP9,P7,O1,F3,C3,CP3"
2512601L01.mat,18,"Cz,CPz,F8,T8,TP10,P8,O2,F4,C4,CP4,F7,T7,TP9,P7,O1,F3,C3,CP3"
2512701A01.mat,18,"Cz,CPz,F8,T8,TP10,P8,O2,F4,C4,CP4,F7,T7,TP9,P7,O1,F3,C3,CP3"
2512701C01.mat,18,"Cz,CPz,F8,T8,TP10,P8,O2,F4,C4,CP4,F7,T7,TP9,P7,O1,F3,C3,CP3"
2512701L01.mat,18,"Cz,CPz,F8,T8,TP10,P8,O2,F4,C4,CP4,F7,T7,TP9,P7,O1,F3,C3,CP3"
2512801A01.mat,18,"Cz,CPz,F8,T8,TP10,P8,O2,F4,C4,CP4,F7,T7,TP9,P7,O1,F3,C3,CP3"
2512801C01.mat,18,"Cz,CPz,F8,T8,TP10,P8,O2,F4,C4,CP4,F7,T7,TP9,P7,O1,F3,C3,CP3"
2512801L01.mat,18,"Cz,CPz,F8,T8,TP10,P8,O2,F4,C4,CP4,F7,T7,TP9,P7,O1,F3,C3,CP3"
251701L01.mat,19,"FCz,Cz,CPz,F8,T8,TP10,P8,O2,F4,C4,CP4,F7,T7,TP9,P7,O1,F3,C3,CP3"
251801L01.mat,19,"FCz,Cz,CPz,F8,T8,TP10,P8,O2,F4,C4,CP4,F7,T7,TP9,P7,O1,F3,C3,CP3"
251901L01.mat,19,"FCz,Cz,CPz,F8,T8,TP10,P8,O2,F4,C4,CP4,F7,T7,TP9,P7,O1,F3,C3,CP3"
252001L01.mat,19,"FCz,Cz,CPz,F8,T8,TP10,P8,O2,F4,C4,CP4,F7,T7,TP9,P7,O1,F3,C3,CP3"
252101L01.mat,20,"FCz,Cz,CPz,POz,F8,T8,TP10,P8,O2,F4,C4,CP4,F7,T7,TP9,P7,O1,F3,C3,CP3"
252601L01.mat,20,"FCz,Cz,CPz,POz,F8,T8,TP10,P8,O2,F4,C4,CP4,F7,T7,TP9,P7,O1,F3,C3,CP3"
252801L01.mat,20,"FCz,Cz,CPz,POz,F8,T8,TP10,P8,O2,F4,C4,CP4,F7,T7,TP9,P7,O1,F3,C3,CP3"
253101L01.mat,20,"FCz,Cz,CPz,POz,F8,T8,TP10,P8,O2,F4,C4,CP4,F7,T7,TP9,P7,O1,F3,C3,CP3"
253201L01.mat,20,"FCz,Cz,CPz,POz,F8,T8,TP10,P8,O2,F4,C4,CP4,F7,T7,TP9,P7,O1,F3,C3,CP3"
253501L01.mat,20,"FCz,Cz,CPz,POz,F8,T8,TP10,P8,O2,F4,C4,CP4,F7,T7,TP9,P7,O1,F3,C3,CP3"
254101A01.mat,19,"FCz,Cz,CPz,F8,T8,TP10,P8,O2,F4,C4,CP4,F7,T7,TP9,P7,O1,F3,C3,CP3"
254101C01.mat,19,"FCz,Cz,CPz,F8,T8,TP10,P8,O2,F4,C4,CP4,F7,T7,TP9,P7,O1,F3,C3,CP3"
254101L01.mat,19,"FCz,Cz,CPz,F8,T8,TP10,P8,O2,F4,C4,CP4,F7,T7,TP9,P7,O1,F3,C3,CP3"
254401A01.mat,19,"FCz,Cz,CPz,F8,T8,TP10,P8,O2,F4,C4,CP4,F7,T7,TP9,P7,O1,F3,C3,CP3"
254401C01.mat,19,"FCz,Cz,CPz,F8,T8,TP10,P8,O2,F4,C4,CP4,F7,T7,TP9,P7,O1,F3,C3,CP3"
254401L01.mat,19,"FCz,Cz,CPz,F8,T8,TP10,P8,O2,F4,C4,CP4,F7,T7,TP9,P7,O1,F3,C3,CP3"
254601C01.mat,19,"FCz,Cz,CPz,F8,T8,TP10,P8,O2,F4,C4,CP4,F7,T7,TP9,P7,O1,F3,C3,CP3"
254601L01.mat,19,"FCz,Cz,CPz,F8,T8,TP10,P8,O2,F4,C4,CP4,F7,T7,TP9,P7,O1,F3,C3,CP3"
254601A01.mat,19,"FCz,Cz,CPz,F8,T8,TP10,P8,O2,F4,C4,CP4,F7,T7,TP9,P7,O1,F3,C3,CP3"
254701A01.mat,19,"FCz,Cz,CPz,F8,T8,TP10,P8,O2,F4,C4,CP4,F7,T7,TP9,P7,O1,F3,C3,CP3"
254701C01.mat,19,"FCz,Cz,CPz,F8,T8,TP10,P8,O2,F4,C4,CP4,F7,T7,TP9,P7,O1,F3,C3,CP3"
254701L01.mat,19,"FCz,Cz,CPz,F8,T8,TP10,P8,O2,F4,C4,CP4,F7,T7,TP9,P7,O1,F3,C3,CP3"
254801A01.mat,19,"FCz,Cz,CPz,F8,T8,TP10,P8,O2,F4,C4,CP4,F7,T7,TP9,P7,O1,F3,C3,CP3"
254801C01.mat,19,"FCz,Cz,CPz,F8,T8,TP10,P8,O2,F4,C4,CP4,F7,T7,TP9,P7,O1,F3,C3,CP3"
254801L01.mat,19,"FCz,Cz,CPz,F8,T8,TP10,P8,O2,F4,C4,CP4,F7,T7,TP9,P7,O1,F3,C3,CP3"
254901A01.mat,19,"FCz,Cz,CPz,F8,T8,TP10,P8,O2,F4,C4,CP4,F7,T7,TP9,P7,O1,F3,C3,CP3"
254901C01.mat,19,"FCz,Cz,CPz,F8,T8,TP10,P8,O2,F4,C4,CP4,F7,T7,TP9,P7,O1,F3,C3,CP3"
254901L01.mat,19,"FCz,Cz,CPz,F8,T8,TP10,P8,O2,F4,C4,CP4,F7,T7,TP9,P7,O1,F3,C3,CP3"
255001A01.mat,19,"FCz,Cz,CPz,F8,T8,TP10,P8,O2,F4,C4,CP4,F7,T7,TP9,P7,O1,F3,C3,CP3"
255001C01.mat,19,"FCz,Cz,CPz,F8,T8,TP10,P8,O2,F4,C4,CP4,F7,T7,TP9,P7,O1,F3,C3,CP3"
255001L01.mat,19,"FCz,Cz,CPz,F8,T8,TP10,P8,O2,F4,C4,CP4,F7,T7,TP9,P7,O1,F3,C3,CP3"
255101A01.mat,19,"FCz,Cz,CPz,F8,T8,TP10,P8,O2,F4,C4,CP4,F7,T7,TP9,P7,O1,F3,C3,CP3"
255101C01.mat,19,"FCz,Cz,CPz,F8,T8,TP10,P8,O2,F4,C4,CP4,F7,T7,TP9,P7,O1,F3,C3,CP3"
255101L01.mat,19,"FCz,Cz,CPz,F8,T8,TP10,P8,O2,F4,C4,CP4,F7,T7,TP9,P7,O1,F3,C3,CP3"
255201A01.mat,19,"FCz,Cz,CPz,F8,T8,TP10,P8,O2,F4,C4,CP4,F7,T7,TP9,P7,O1,F3,C3,CP3"
255201C01.mat,19,"FCz,Cz,CPz,F8,T8,TP10,P8,O2,F4,C4,CP4,F7,T7,TP9,P7,O1,F3,C3,CP3"
255201L01.mat,19,"FCz,Cz,CPz,F8,T8,TP10,P8,O2,F4,C4,CP4,F7,T7,TP9,P7,O1,F3,C3,CP3"
255301A01.mat,19,"FCz,Cz,CPz,F8,T8,TP10,P8,O2,F4,C4,CP4,F7,T7,TP9,P7,O1,F3,C3,CP3"
255301C01.mat,19,"FCz,Cz,CPz,F8,T8,TP10,P8,O2,F4,C4,CP4,F7,T7,TP9,P7,O1,F3,C3,CP3"
255301L01.mat,19,"FCz,Cz,CPz,F8,T8,TP10,P8,O2,F4,C4,CP4,F7,T7,TP9,P7,O1,F3,C3,CP3"
255401A01.mat,19,"FCz,Cz,CPz,F8,T8,TP10,P8,O2,F4,C4,CP4,F7,T7,TP9,P7,O1,F3,C3,CP3"
255401C01.mat,19,"FCz,Cz,CPz,F8,T8,TP10,P8,O2,F4,C4,CP4,F7,T7,TP9,P7,O1,F3,C3,CP3"
255401L01.mat,19,"FCz,Cz,CPz,F8,T8,TP10,P8,O2,F4,C4,CP4,F7,T7,TP9,P7,O1,F3,C3,CP3"
255501C01.mat,19,"FCz,Cz,CPz,F8,T8,TP10,P8,O2,F4,C4,CP4,F7,T7,TP9,P7,O1,F3,C3,CP3"
255501A01.mat,19,"FCz,Cz,CPz,F8,T8,TP10,P8,O2,F4,C4,CP4,F7,T7,TP9,P7,O1,F3,C3,CP3"
255501L01.mat,19,"FCz,Cz,CPz,F8,T8,TP10,P8,O2,F4,C4,CP4,F7,T7,TP9,P7,O1,F3,C3,CP3"
255601A01.mat,19,"FCz,Cz,CPz,F8,T8,TP10,P8,O2,F4,C4,CP4,F7,T7,TP9,P7,O1,F3,C3,CP3"
255601C01.mat,19,"FCz,Cz,CPz,F8,T8,TP10,P8,O2,F4,C4,CP4,F7,T7,TP9,P7,O1,F3,C3,CP3"
255601L01.mat,19,"FCz,Cz,CPz,F8,T8,TP10,P8,O2,F4,C4,CP4,F7,T7,TP9,P7,O1,F3,C3,CP3"
255701A01.mat,19,"FCz,Cz,CPz,F8,T8,TP10,P8,O2,F4,C4,CP4,F7,T7,TP9,P7,O1,F3,C3,CP3"
255701C01.mat,19,"FCz,Cz,CPz,F8,T8,TP10,P8,O2,F4,C4,CP4,F7,T7,TP9,P7,O1,F3,C3,CP3"
255701L01.mat,19,"FCz,Cz,CPz,F8,T8,TP10,P8,O2,F4,C4,CP4,F7,T7,TP9,P7,O1,F3,C3,CP3"
255801A01.mat,19,"FCz,Cz,CPz,F8,T8,TP10,P8,O2,F4,C4,CP4,F7,T7,TP9,P7,O1,F3,C3,CP3"
255801C01.mat,19,"FCz,Cz,CPz,F8,T8,TP10,P8,O2,F4,C4,CP4,F7,T7,TP9,P7,O1,F3,C3,CP3"
255801L01.mat,19,"FCz,Cz,CPz,F8,T8,TP10,P8,O2,F4,C4,CP4,F7,T7,TP9,P7,O1,F3,C3,CP3"
255901L01.mat,19,"FCz,Cz,CPz,F8,T8,TP10,P8,O2,F4,C4,CP4,F7,T7,TP9,P7,O1,F3,C3,CP3"
256001A01.mat,19,"FCz,Cz,CPz,F8,T8,TP10,P8,O2,F4,C4,CP4,F7,T7,TP9,P7,O1,F3,C3,CP3"
256001C01.mat,19,"FCz,Cz,CPz,F8,T8,TP10,P8,O2,F4,C4,CP4,F7,T7,TP9,P7,O1,F3,C3,CP3"
256001L01.mat,19,"FCz,Cz,CPz,F8,T8,TP10,P8,O2,F4,C4,CP4,F7,T7,TP9,P7,O1,F3,C3,CP3"
256101A01.mat,19,"FCz,Cz,CPz,F8,T8,TP10,P8,O2,F4,C4,CP4,F7,T7,TP9,P7,O1,F3,C3,CP3"
256101C01.mat,19,"FCz,Cz,CPz,F8,T8,TP10,P8,O2,F4,C4,CP4,F7,T7,TP9,P7,O1,F3,C3,CP3"
256101L01.mat,19,"FCz,Cz,CPz,F8,T8,TP10,P8,O2,F4,C4,CP4,F7,T7,TP9,P7,O1,F3,C3,CP3"
256201A01.mat,19,"FCz,Cz,CPz,F8,T8,TP10,P8,O2,F4,C4,CP4,F7,T7,TP9,P7,O1,F3,C3,CP3"
256201C01.mat,19,"FCz,Cz,CPz,F8,T8,TP10,P8,O2,F4,C4,CP4,F7,T7,TP9,P7,O1,F3,C3,CP3"
256201L01.mat,19,"FCz,Cz,CPz,F8,T8,TP10,P8,O2,F4,C4,CP4,F7,T7,TP9,P7,O1,F3,C3,CP3"
256301A01.mat,19,"FCz,Cz,CPz,F8,T8,TP10,P8,O2,F4,C4,CP4,F7,T7,TP9,P7,O1,F3,C3,CP3"
256301C01.mat,19,"FCz,Cz,CPz,F8,T8,TP10,P8,O2,F4,C4,CP4,F7,T7,TP9,P7,O1,F3,C3,CP3"
256301L01.mat,19,"FCz,Cz,CPz,F8,T8,TP10,P8,O2,F4,C4,CP4,F7,T7,TP9,P7,O1,F3,C3,CP3"
256401A01.mat,19,"FCz,Cz,CPz,F8,T8,TP10,P8,O2,F4,C4,CP4,F7,T7,TP9,P7,O1,F3,C3,CP3"
256401C01.mat,19,"FCz,Cz,CPz,F8,T8,TP10,P8,O2,F4,C4,CP4,F7,T7,TP9,P7,O1,F3,C3,CP3"
256401L01.mat,19,"FCz,Cz,CPz,F8,T8,TP10,P8,O2,F4,C4,CP4,F7,T7,TP9,P7,O1,F3,C3,CP3"
256501A01.mat,19,"FCz,Cz,CPz,F8,T8,TP10,P8,O2,F4,C4,CP4,F7,T7,TP9,P7,O1,F3,C3,CP3"
256501C01.mat,19,"FCz,Cz,CPz,F8,T8,TP10,P8,O2,F4,C4,CP4,F7,T7,TP9,P7,O1,F3,C3,CP3"
256501L01.mat,19,"FCz,Cz,CPz,F8,T8,TP10,P8,O2,F4,C4,CP4,F7,T7,TP9,P7,O1,F3,C3,CP3"
256601A01.mat,18,"FCz,Cz,F8,T8,TP10,P8,O2,F4,C4,CP4,F7,T7,TP9,P7,O1,F3,C3,CP3"
256601C01.mat,18,"FCz,Cz,F8,T8,TP10,P8,O2,F4,C4,CP4,F7,T7,TP9,P7,O1,F3,C3,CP3"
256601L01.mat,18,"FCz,Cz,F8,T8,TP10,P8,O2,F4,C4,CP4,F7,T7,TP9,P7,O1,F3,C3,CP3"
256701L01.mat,19,"FCz,Cz,CPz,F8,T8,TP10,P8,O2,F4,C4,CP4,F7,T7,TP9,P7,O1,F3,C3,CP3"
256801A01.mat,19,"FCz,Cz,CPz,F8,T8,TP10,P8,O2,F4,C4,CP4,F7,T7,TP9,P7,O1,F3,C3,CP3"
256801C01.mat,19,"FCz,Cz,CPz,F8,T8,TP10,P8,O2,F4,C4,CP4,F7,T7,TP9,P7,O1,F3,C3,CP3"
256801L01.mat,19,"FCz,Cz,CPz,F8,T8,TP10,P8,O2,F4,C4,CP4,F7,T7,TP9,P7,O1,F3,C3,CP3"
256901A01.mat,19,"FCz,Cz,CPz,F8,T8,TP10,P8,O2,F4,C4,CP4,F7,T7,TP9,P7,O1,F3,C3,CP3"
256901C01.mat,19,"FCz,Cz,CPz,F8,T8,TP10,P8,O2,F4,C4,CP4,F7,T7,TP9,P7,O1,F3,C3,CP3"
256901L01.mat,19,"FCz,Cz,CPz,F8,T8,TP10,P8,O2,F4,C4,CP4,F7,T7,TP9,P7,O1,F3,C3,CP3"
257001A01.mat,18,"Cz,CPz,F8,T8,TP10,P8,O2,F4,C4,CP4,F7,T7,TP9,P7,O1,F3,C3,CP3"
257001C01.mat,18,"Cz,CPz,F8,T8,TP10,P8,O2,F4,C4,CP4,F7,T7,TP9,P7,O1,F3,C3,CP3"
257001L01.mat,18,"Cz,CPz,F8,T8,TP10,P8,O2,F4,C4,CP4,F7,T7,TP9,P7,O1,F3,C3,CP3"
257101A01.mat,19,"FCz,Cz,CPz,F8,T8,TP10,P8,O2,F4,C4,CP4,F7,T7,TP9,P7,O1,F3,C3,CP3"
257101C01.mat,19,"FCz,Cz,CPz,F8,T8,TP10,P8,O2,F4,C4,CP4,F7,T7,TP9,P7,O1,F3,C3,CP3"
257101L01.mat,19,"FCz,Cz,CPz,F8,T8,TP10,P8,O2,F4,C4,CP4,F7,T7,TP9,P7,O1,F3,C3,CP3"
257201A01.mat,19,"FCz,Cz,CPz,F8,T8,TP10,P8,O2,F4,C4,CP4,F7,T7,TP9,P7,O1,F3,C3,CP3"
257201C01.mat,19,"FCz,Cz,CPz,F8,T8,TP10,P8,O2,F4,C4,CP4,F7,T7,TP9,P7,O1,F3,C3,CP3"
257201L01.mat,19,"FCz,Cz,CPz,F8,T8,TP10,P8,O2,F4,C4,CP4,F7,T7,TP9,P7,O1,F3,C3,CP3"
257301A01.mat,19,"FCz,Cz,CPz,F8,T8,TP10,P8,O2,F4,C4,CP4,F7,T7,TP9,P7,O1,F3,C3,CP3"
257301C01.mat,19,"FCz,Cz,CPz,F8,T8,TP10,P8,O2,F4,C4,CP4,F7,T7,TP9,P7,O1,F3,C3,CP3"
257301L01.mat,19,"FCz,Cz,CPz,F8,T8,TP10,P8,O2,F4,C4,CP4,F7,T7,TP9,P7,O1,F3,C3,CP3"
257401A01.mat,19,"FCz,Cz,CPz,F8,T8,TP10,P8,O2,F4,C4,CP4,F7,T7,TP9,P7,O1,F3,C3,CP3"
257401C01.mat,19,"FCz,Cz,CPz,F8,T8,TP10,P8,O2,F4,C4,CP4,F7,T7,TP9,P7,O1,F3,C3,CP3"
257401L01.mat,19,"FCz,Cz,CPz,F8,T8,TP10,P8,O2,F4,C4,CP4,F7,T7,TP9,P7,O1,F3,C3,CP3"
257501A01.mat,19,"FCz,Cz,CPz,F8,T8,TP10,P8,O2,F4,C4,CP4,F7,T7,TP9,P7,O1,F3,C3,CP3"
257501C01.mat,19,"FCz,Cz,CPz,F8,T8,TP10,P8,O2,F4,C4,CP4,F7,T7,TP9,P7,O1,F3,C3,CP3"
257501L01.mat,19,"FCz,Cz,CPz,F8,T8,TP10,P8,O2,F4,C4,CP4,F7,T7,TP9,P7,O1,F3,C3,CP3"
257601A01.mat,19,"FCz,Cz,CPz,F8,T8,TP10,P8,O2,F4,C4,CP4,F7,T7,TP9,P7,O1,F3,C3,CP3"
257601C01.mat,19,"FCz,Cz,CPz,F8,T8,TP10,P8,O2,F4,C4,CP4,F7,T7,TP9,P7,O1,F3,C3,CP3"
257601L01.mat,19,"FCz,Cz,CPz,F8,T8,TP10,P8,O2,F4,C4,CP4,F7,T7,TP9,P7,O1,F3,C3,CP3"
257701A01.mat,12,"Cz,CPz,T8,P8,O2,C4,CP4,T7,P7,O1,C3,CP3"
257701C01.mat,12,"Cz,CPz,T8,P8,O2,C4,CP4,T7,P7,O1,C3,CP3"
257701L01.mat,12,"Cz,CPz,T8,P8,O2,C4,CP4,T7,P7,O1,C3,CP3"
257801A01.mat,18,"Cz,CPz,F8,T8,TP10,P8,O2,F4,C4,CP4,F7,T7,TP9,P7,O1,F3,C3,CP3"
257801C01.mat,18,"Cz,CPz,F8,T8,TP10,P8,O2,F4,C4,CP4,F7,T7,TP9,P7,O1,F3,C3,CP3"
257801L01.mat,18,"Cz,CPz,F8,T8,TP10,P8,O2,F4,C4,CP4,F7,T7,TP9,P7,O1,F3,C3,CP3"
257901A01.mat,18,"Cz,CPz,F8,T8,TP10,P8,O2,F4,C4,CP4,F7,T7,TP9,P7,O1,F3,C3,CP3"
257901C01.mat,18,"Cz,CPz,F8,T8,TP10,P8,O2,F4,C4,CP4,F7,T7,TP9,P7,O1,F3,C3,CP3"
257901L01.mat,18,"Cz,CPz,F8,T8,TP10,P8,O2,F4,C4,CP4,F7,T7,TP9,P7,O1,F3,C3,CP3"
258001A01.mat,18,"Cz,CPz,F8,T8,TP10,P8,O2,F4,C4,CP4,F7,T7,TP9,P7,O1,F3,C3,CP3"
258001C01.mat,18,"Cz,CPz,F8,T8,TP10,P8,O2,F4,C4,CP4,F7,T7,TP9,P7,O1,F3,C3,CP3"
258001L01.mat,18,"Cz,CPz,F8,T8,TP10,P8,O2,F4,C4,CP4,F7,T7,TP9,P7,O1,F3,C3,CP3"
258101A01.mat,18,"Cz,CPz,F8,T8,TP10,P8,O2,F4,C4,CP4,F7,T7,TP9,P7,O1,F3,C3,CP3"
258101C01.mat,18,"Cz,CPz,F8,T8,TP10,P8,O2,F4,C4,CP4,F7,T7,TP9,P7,O1,F3,C3,CP3"
258101L01.mat,18,"Cz,CPz,F8,T8,TP10,P8,O2,F4,C4,CP4,F7,T7,TP9,P7,O1,F3,C3,CP3"
258201A01.mat,18,"Cz,CPz,F8,T8,TP10,P8,O2,F4,C4,CP4,F7,T7,TP9,P7,O1,F3,C3,CP3"
258201C01.mat,18,"Cz,CPz,F8,T8,TP10,P8,O2,F4,C4,CP4,F7,T7,TP9,P7,O1,F3,C3,CP3"
258201L01.mat,18,"Cz,CPz,F8,T8,TP10,P8,O2,F4,C4,CP4,F7,T7,TP9,P7,O1,F3,C3,CP3"
258301A01.mat,18,"Cz,CPz,F8,T8,TP10,P8,O2,F4,C4,CP4,F7,T7,TP9,P7,O1,F3,C3,CP3"
258301C01.mat,18,"Cz,CPz,F8,T8,TP10,P8,O2,F4,C4,CP4,F7,T7,TP9,P7,O1,F3,C3,CP3"
258301L01.mat,18,"Cz,CPz,F8,T8,TP10,P8,O2,F4,C4,CP4,F7,T7,TP9,P7,O1,F3,C3,CP3"
258401A01.mat,16,"Cz,CPz,F8,T8,P8,O2,F4,C4,CP4,F7,T7,P7,O1,F3,C3,CP3"
258401C01.mat,16,"Cz,CPz,F8,T8,P8,O2,F4,C4,CP4,F7,T7,P7,O1,F3,C3,CP3"
258401L01.mat,16,"Cz,CPz,F8,T8,P8,O2,F4,C4,CP4,F7,T7,P7,O1,F3,C3,CP3"
258601A01.mat,18,"Cz,CPz,F8,T8,TP10,P8,O2,F4,C4,CP4,F7,T7,TP9,P7,O1,F3,C3,CP3"
258601C01.mat,18,"Cz,CPz,F8,T8,TP10,P8,O2,F4,C4,CP4,F7,T7,TP9,P7,O1,F3,C3,CP3"
258601L01.mat,18,"Cz,CPz,F8,T8,TP10,P8,O2,F4,C4,CP4,F7,T7,TP9,P7,O1,F3,C3,CP3"
258701A01.mat,18,"Cz,CPz,F8,T8,TP10,P8,O2,F4,C4,CP4,F7,T7,TP9,P7,O1,F3,C3,CP3"
258701C01.mat,18,"Cz,CPz,F8,T8,TP10,P8,O2,F4,C4,CP4,F7,T7,TP9,P7,O1,F3,C3,CP3"
258701L01.mat,18,"Cz,CPz,F8,T8,TP10,P8,O2,F4,C4,CP4,F7,T7,TP9,P7,O1,F3,C3,CP3"
258801A01.mat,18,"Cz,CPz,F8,T8,TP10,P8,O2,F4,C4,CP4,F7,T7,TP9,P7,O1,F3,C3,CP3"
258801C01.mat,18,"Cz,CPz,F8,T8,TP10,P8,O2,F4,C4,CP4,F7,T7,TP9,P7,O1,F3,C3,CP3"
258801L01.mat,18,"Cz,CPz,F8,T8,TP10,P8,O2,F4,C4,CP4,F7,T7,TP9,P7,O1,F3,C3,CP3"
258901A01.mat,18,"Cz,CPz,F8,T8,TP10,P8,O2,F4,C4,CP4,F7,T7,TP9,P7,O1,F3,C3,CP3"
258901C01.mat,18,"Cz,CPz,F8,T8,TP10,P8,O2,F4,C4,CP4,F7,T7,TP9,P7,O1,F3,C3,CP3"
258901L01.mat,18,"Cz,CPz,F8,T8,TP10,P8,O2,F4,C4,CP4,F7,T7,TP9,P7,O1,F3,C3,CP3"
259001A01.mat,18,"Cz,CPz,F8,T8,TP10,P8,O2,F4,C4,CP4,F7,T7,TP9,P7,O1,F3,C3,CP3"
259001C01.mat,18,"Cz,CPz,F8,T8,TP10,P8,O2,F4,C4,CP4,F7,T7,TP9,P7,O1,F3,C3,CP3"
259001L01.mat,18,"Cz,CPz,F8,T8,TP10,P8,O2,F4,C4,CP4,F7,T7,TP9,P7,O1,F3,C3,CP3"
259101A01.mat,18,"Cz,CPz,F8,T8,TP10,P8,O2,F4,C4,CP4,F7,T7,TP9,P7,O1,F3,C3,CP3"
259101C01.mat,18,"Cz,CPz,F8,T8,TP10,P8,O2,F4,C4,CP4,F7,T7,TP9,P7,O1,F3,C3,CP3"
259101L01.mat,18,"Cz,CPz,F8,T8,TP10,P8,O2,F4,C4,CP4,F7,T7,TP9,P7,O1,F3,C3,CP3"
259201A01.mat,18,"Cz,CPz,F8,T8,TP10,P8,O2,F4,C4,CP4,F7,T7,TP9,P7,O1,F3,C3,CP3"
259201C01.mat,18,"Cz,CPz,F8,T8,TP10,P8,O2,F4,C4,CP4,F7,T7,TP9,P7,O1,F3,C3,CP3"
259201L01.mat,18,"Cz,CPz,F8,T8,TP10,P8,O2,F4,C4,CP4,F7,T7,TP9,P7,O1,F3,C3,CP3"
259301A01.mat,18,"Cz,CPz,F8,T8,TP10,P8,O2,F4,C4,CP4,F7,T7,TP9,P7,O1,F3,C3,CP3"
259301C01.mat,18,"Cz,CPz,F8,T8,TP10,P8,O2,F4,C4,CP4,F7,T7,TP9,P7,O1,F3,C3,CP3"
259301L01.mat,18,"Cz,CPz,F8,T8,TP10,P8,O2,F4,C4,CP4,F7,T7,TP9,P7,O1,F3,C3,CP3"
259401A01.mat,18,"Cz,CPz,F8,T8,TP10,P8,O2,F4,C4,CP4,F7,T7,TP9,P7,O1,F3,C3,CP3"
259401C01.mat,18,"Cz,CPz,F8,T8,TP10,P8,O2,F4,C4,CP4,F7,T7,TP9,P7,O1,F3,C3,CP3"
259401L01.mat,18,"Cz,CPz,F8,T8,TP10,P8,O2,F4,C4,CP4,F7,T7,TP9,P7,O1,F3,C3,CP3"
259501A01.mat,18,"Cz,CPz,F8,T8,TP10,P8,O2,F4,C4,CP4,F7,T7,TP9,P7,O1,F3,C3,CP3"
259501C01.mat,18,"Cz,CPz,F8,T8,TP10,P8,O2,F4,C4,CP4,F7,T7,TP9,P7,O1,F3,C3,CP3"
259501L01.mat,18,"Cz,CPz,F8,T8,TP10,P8,O2,F4,C4,CP4,F7,T7,TP9,P7,O1,F3,C3,CP3"
259601A01.mat,18,"Cz,CPz,F8,T8,TP10,P8,O2,F4,C4,CP4,F7,T7,TP9,P7,O1,F3,C3,CP3"
259601C01.mat,18,"Cz,CPz,F8,T8,TP10,P8,O2,F4,C4,CP4,F7,T7,TP9,P7,O1,F3,C3,CP3"
259601L01.mat,18,"Cz,CPz,F8,T8,TP10,P8,O2,F4,C4,CP4,F7,T7,TP9,P7,O1,F3,C3,CP3"
259701A01.mat,18,"Cz,CPz,F8,T8,TP10,P8,O2,F4,C4,CP4,F7,T7,TP9,P7,O1,F3,C3,CP3"
259701C01.mat,18,"Cz,CPz,F8,T8,TP10,P8,O2,F4,C4,CP4,F7,T7,TP9,P7,O1,F3,C3,CP3"
259701L01.mat,18,"Cz,CPz,F8,T8,TP10,P8,O2,F4,C4,CP4,F7,T7,TP9,P7,O1,F3,C3,CP3"
259801A01.mat,18,"Cz,CPz,F8,T8,TP10,P8,O2,F4,C4,CP4,F7,T7,TP9,P7,O1,F3,C3,CP3"
259801C01.mat,18,"Cz,CPz,F8,T8,TP10,P8,O2,F4,C4,CP4,F7,T7,TP9,P7,O1,F3,C3,CP3"
259801L01.mat,18,"Cz,CPz,F8,T8,TP10,P8,O2,F4,C4,CP4,F7,T7,TP9,P7,O1,F3,C3,CP3"
259901A01.mat,18,"Cz,CPz,F8,T8,TP10,P8,O2,F4,C4,CP4,F7,T7,TP9,P7,O1,F3,C3,CP3"
259901C01.mat,18,"Cz,CPz,F8,T8,TP10,P8,O2,F4,C4,CP4,F7,T7,TP9,P7,O1,F3,C3,CP3"
259901L01.mat,18,"Cz,CPz,F8,T8,TP10,P8,O2,F4,C4,CP4,F7,T7,TP9,P7,O1,F3,C3,CP3"
260201L01.mat,19,"FCz,Cz,CPz,F8,T8,TP10,P8,O2,F4,C4,CP4,F7,T7,TP9,P7,O1,F3,C3,CP3"
260301A01.mat,18,"Cz,CPz,F8,T8,TP10,P8,O2,F4,C4,CP4,F7,T7,TP9,P7,O1,F3,C3,CP3"
260301C01.mat,18,"Cz,CPz,F8,T8,TP10,P8,O2,F4,C4,CP4,F7,T7,TP9,P7,O1,F3,C3,CP3"
260301L01.mat,19,"FCz,Cz,CPz,F8,T8,TP10,P8,O2,F4,C4,CP4,F7,T7,TP9,P7,O1,F3,C3,CP3"
260401A01.mat,18,"Cz,CPz,F8,T8,TP10,P8,O2,F4,C4,CP4,F7,T7,TP9,P7,O1,F3,C3,CP3"
260401C01.mat,18,"Cz,CPz,F8,T8,TP10,P8,O2,F4,C4,CP4,F7,T7,TP9,P7,O1,F3,C3,CP3"
260401L01.mat,18,"Cz,CPz,F8,T8,TP10,P8,O2,F4,C4,CP4,F7,T7,TP9,P7,O1,F3,C3,CP3"
260501A01.mat,18,"Cz,CPz,F8,T8,TP10,P8,O2,F4,C4,CP4,F7,T7,TP9,P7,O1,F3,C3,CP3"
260501C01.mat,18,"Cz,CPz,F8,T8,TP10,P8,O2,F4,C4,CP4,F7,T7,TP9,P7,O1,F3,C3,CP3"
260501L01.mat,18,"Cz,CPz,F8,T8,TP10,P8,O2,F4,C4,CP4,F7,T7,TP9,P7,O1,F3,C3,CP3"
260601A01.mat,18,"Cz,CPz,F8,T8,TP10,P8,O2,F4,C4,CP4,F7,T7,TP9,P7,O1,F3,C3,CP3"
260601C01.mat,18,"Cz,CPz,F8,T8,TP10,P8,O2,F4,C4,CP4,F7,T7,TP9,P7,O1,F3,C3,CP3"
260601L01.mat,18,"Cz,CPz,F8,T8,TP10,P8,O2,F4,C4,CP4,F7,T7,TP9,P7,O1,F3,C3,CP3"
260701A01.mat,18,"Cz,CPz,F8,T8,TP10,P8,O2,F4,C4,CP4,F7,T7,TP9,P7,O1,F3,C3,CP3"
260701C02.mat,18,"Cz,CPz,F8,T8,TP10,P8,O2,F4,C4,CP4,F7,T7,TP9,P7,O1,F3,C3,CP3"
260701L01.mat,18,"Cz,CPz,F8,T8,TP10,P8,O2,F4,C4,CP4,F7,T7,TP9,P7,O1,F3,C3,CP3"
260801A01.mat,18,"Cz,CPz,F8,T8,TP10,P8,O2,F4,C4,CP4,F7,T7,TP9,P7,O1,F3,C3,CP3"
260801C01.mat,18,"Cz,CPz,F8,T8,TP10,P8,O2,F4,C4,CP4,F7,T7,TP9,P7,O1,F3,C3,CP3"
260801L01.mat,18,"Cz,CPz,F8,T8,TP10,P8,O2,F4,C4,CP4,F7,T7,TP9,P7,O1,F3,C3,CP3"
260901A01.mat,18,"Cz,CPz,F8,T8,TP10,P8,O2,F4,C4,CP4,F7,T7,TP9,P7,O1,F3,C3,CP3"
260901C01.mat,18,"Cz,CPz,F8,T8,TP10,P8,O2,F4,C4,CP4,F7,T7,TP9,P7,O1,F3,C3,CP3"
260901L01.mat,18,"Cz,CPz,F8,T8,TP10,P8,O2,F4,C4,CP4,F7,T7,TP9,P7,O1,F3,C3,CP3"
261001A01.mat,18,"Cz,CPz,F8,T8,TP10,P8,O2,F4,C4,CP4,F7,T7,TP9,P7,O1,F3,C3,CP3"
261001C01.mat,18,"Cz,CPz,F8,T8,TP10,P8,O2,F4,C4,CP4,F7,T7,TP9,P7,O1,F3,C3,CP3"
261001L01.mat,18,"Cz,CPz,F8,T8,TP10,P8,O2,F4,C4,CP4,F7,T7,TP9,P7,O1,F3,C3,CP3"
261101A01.mat,18,"Cz,CPz,F8,T8,TP10,P8,O2,F4,C4,CP4,F7,T7,TP9,P7,O1,F3,C3,CP3"
261101C01.mat,18,"Cz,CPz,F8,T8,TP10,P8,O2,F4,C4,CP4,F7,T7,TP9,P7,O1,F3,C3,CP3"
261101L01.mat,18,"Cz,CPz,F8,T8,TP10,P8,O2,F4,C4,CP4,F7,T7,TP9,P7,O1,F3,C3,CP3"
261201A01.mat,18,"Cz,CPz,F8,T8,TP10,P8,O2,F4,C4,CP4,F7,T7,TP9,P7,O1,F3,C3,CP3"
261201C01.mat,18,"Cz,CPz,F8,T8,TP10,P8,O2,F4,C4,CP4,F7,T7,TP9,P7,O1,F3,C3,CP3"
261201L01.mat,18,"Cz,CPz,F8,T8,TP10,P8,O2,F4,C4,CP4,F7,T7,TP9,P7,O1,F3,C3,CP3"
261301A01.mat,18,"Cz,CPz,F8,T8,TP10,P8,O2,F4,C4,CP4,F7,T7,TP9,P7,O1,F3,C3,CP3"
261301C01.mat,18,"Cz,CPz,F8,T8,TP10,P8,O2,F4,C4,CP4,F7,T7,TP9,P7,O1,F3,C3,CP3"
261301L01.mat,18,"Cz,CPz,F8,T8,TP10,P8,O2,F4,C4,CP4,F7,T7,TP9,P7,O1,F3,C3,CP3"
261401A01.mat,18,"Cz,CPz,F8,T8,TP10,P8,O2,F4,C4,CP4,F7,T7,TP9,P7,O1,F3,C3,CP3"
261401C01.mat,18,"Cz,CPz,F8,T8,TP10,P8,O2,F4,C4,CP4,F7,T7,TP9,P7,O1,F3,C3,CP3"
261401L01.mat,18,"Cz,CPz,F8,T8,TP10,P8,O2,F4,C4,CP4,F7,T7,TP9,P7,O1,F3,C3,CP3"
261501A01.mat,18,"Cz,CPz,F8,T8,TP10,P8,O2,F4,C4,CP4,F7,T7,TP9,P7,O1,F3,C3,CP3"
261501C01.mat,18,"Cz,CPz,F8,T8,TP10,P8,O2,F4,C4,CP4,F7,T7,TP9,P7,O1,F3,C3,CP3"
261501L01.mat,18,"Cz,CPz,F8,T8,TP10,P8,O2,F4,C4,CP4,F7,T7,TP9,P7,O1,F3,C3,CP3"
261601A01.mat,18,"Cz,CPz,F8,T8,TP10,P8,O2,F4,C4,CP4,F7,T7,TP9,P7,O1,F3,C3,CP3"
261601C01.mat,18,"Cz,CPz,F8,T8,TP10,P8,O2,F4,C4,CP4,F7,T7,TP9,P7,O1,F3,C3,CP3"
261601L01.mat,18,"Cz,CPz,F8,T8,TP10,P8,O2,F4,C4,CP4,F7,T7,TP9,P7,O1,F3,C3,CP3"
261701A01.mat,18,"Cz,CPz,F8,T8,TP10,P8,O2,F4,C4,CP4,F7,T7,TP9,P7,O1,F3,C3,CP3"
261701C01.mat,18,"Cz,CPz,F8,T8,TP10,P8,O2,F4,C4,CP4,F7,T7,TP9,P7,O1,F3,C3,CP3"
261701L01.mat,18,"Cz,CPz,F8,T8,TP10,P8,O2,F4,C4,CP4,F7,T7,TP9,P7,O1,F3,C3,CP3"
261801A01.mat,18,"Cz,CPz,F8,T8,TP10,P8,O2,F4,C4,CP4,F7,T7,TP9,P7,O1,F3,C3,CP3"
261801C01.mat,18,"Cz,CPz,F8,T8,TP10,P8,O2,F4,C4,CP4,F7,T7,TP9,P7,O1,F3,C3,CP3"
261801L01.mat,18,"Cz,CPz,F8,T8,TP10,P8,O2,F4,C4,CP4,F7,T7,TP9,P7,O1,F3,C3,CP3"
261901A01.mat,18,"Cz,CPz,F8,T8,TP10,P8,O2,F4,C4,CP4,F7,T7,TP9,P7,O1,F3,C3,CP3"
261901C01.mat,18,"Cz,CPz,F8,T8,TP10,P8,O2,F4,C4,CP4,F7,T7,TP9,P7,O1,F3,C3,CP3"
261901L01.mat,18,"Cz,CPz,F8,T8,TP10,P8,O2,F4,C4,CP4,F7,T7,TP9,P7,O1,F3,C3,CP3"
