file,folder,data_shape,times_shape,n_channels,n_samples,time_samples,times_match,time_start,time_end,sampling_rate,contains_nan,nan_count,std_first_channel,other_data_exists
2510001A01.mat,2510001,"(18, 8000)","(8000,)",18,8000,8000,True,-2000.0,1999.5,2000,False,0,19.13789939880371,True
2510001C01.mat,2510001,"(18, 8000)","(8000,)",18,8000,8000,True,-2000.0,1999.5,2000,False,0,15.201693534851074,True
2510001L01.mat,2510001,"(18, 8000)","(8000,)",18,8000,8000,True,-2000.0,1999.5,2000,False,0,32.19945526123047,True
2510101A01.mat,2510101,"(18, 8000)","(8000,)",18,8000,8000,True,-2000.0,1999.5,2000,False,0,28.173871994018555,True
2510101C01.mat,2510101,"(18, 8000)","(8000,)",18,8000,8000,True,-2000.0,1999.5,2000,False,0,14.713554382324219,True
2510101L01.mat,2510101,"(18, 8000)","(8000,)",18,8000,8000,True,-2000.0,1999.5,2000,False,0,21.105972290039062,True
2510201A01.mat,2510201,"(18, 8000)","(8000,)",18,8000,8000,True,-2000.0,1999.5,2000,False,0,30.212230682373047,True
2510201C01.mat,2510201,"(18, 8000)","(8000,)",18,8000,8000,True,-2000.0,1999.5,2000,False,0,20.00322151184082,True
2510201L01.mat,2510201,"(18, 8000)","(8000,)",18,8000,8000,True,-2000.0,1999.5,2000,False,0,24.74180793762207,True
2510301A01.mat,2510301,"(18, 8000)","(8000,)",18,8000,8000,True,-2000.0,1999.5,2000,False,0,45.00564956665039,True
2510301C01.mat,2510301,"(18, 8000)","(8000,)",18,8000,8000,True,-2000.0,1999.5,2000,False,0,40.42429733276367,True
2510301L01.mat,2510301,"(18, 8000)","(8000,)",18,8000,8000,True,-2000.0,1999.5,2000,False,0,71.10783386230469,True
2510401A01.mat,2510401,"(18, 8000)","(8000,)",18,8000,8000,True,-2000.0,1999.5,2000,False,0,14.936651229858398,True
2510401C01.mat,2510401,"(18, 8000)","(8000,)",18,8000,8000,True,-2000.0,1999.5,2000,False,0,37.428680419921875,True
2510401L01.mat,2510401,"(18, 8000)","(8000,)",18,8000,8000,True,-2000.0,1999.5,2000,False,0,42.03456115722656,True
2510501A01.mat,2510501,"(18, 8000)","(8000,)",18,8000,8000,True,-2000.0,1999.5,2000,False,0,18.622251510620117,True
2510501C01.mat,2510501,"(18, 8000)","(8000,)",18,8000,8000,True,-2000.0,1999.5,2000,False,0,16.6865177154541,True
2510501L01.mat,2510501,"(18, 8000)","(8000,)",18,8000,8000,True,-2000.0,1999.5,2000,False,0,67.26692962646484,True
2510601A01.mat,2510601,"(18, 8000)","(8000,)",18,8000,8000,True,-2000.0,1999.5,2000,False,0,28.417133331298828,True
2510601C01.mat,2510601,"(18, 8000)","(8000,)",18,8000,8000,True,-2000.0,1999.5,2000,False,0,33.788875579833984,True
2510601L01.mat,2510601,"(18, 8000)","(8000,)",18,8000,8000,True,-2000.0,1999.5,2000,False,0,42.874332427978516,True
2510701A01.mat,2510701,"(18, 8000)","(8000,)",18,8000,8000,True,-2000.0,1999.5,2000,False,0,38.6092414855957,True
2510701C01.mat,2510701,"(18, 8000)","(8000,)",18,8000,8000,True,-2000.0,1999.5,2000,False,0,20.239994049072266,True
2510701L01.mat,2510701,"(18, 8000)","(8000,)",18,8000,8000,True,-2000.0,1999.5,2000,False,0,28.061473846435547,True
2510801A01.mat,2510801,"(18, 8000)","(8000,)",18,8000,8000,True,-2000.0,1999.5,2000,False,0,43.312320709228516,True
2510801C01.mat,2510801,"(18, 8000)","(8000,)",18,8000,8000,True,-2000.0,1999.5,2000,False,0,57.60545349121094,True
2510801L01.mat,2510801,"(18, 8000)","(8000,)",18,8000,8000,True,-2000.0,1999.5,2000,False,0,38.31195831298828,True
2510901A01.mat,2510901,"(18, 8000)","(8000,)",18,8000,8000,True,-2000.0,1999.5,2000,False,0,30.567821502685547,True
2510901C01.mat,2510901,"(18, 8000)","(8000,)",18,8000,8000,True,-2000.0,1999.5,2000,False,0,26.296993255615234,True
2510901L01.mat,2510901,"(18, 8000)","(8000,)",18,8000,8000,True,-2000.0,1999.5,2000,False,0,18.321170806884766,True
2511001A01.mat,2511001,"(18, 8000)","(8000,)",18,8000,8000,True,-2000.0,1999.5,2000,False,0,19.578256607055664,True
2511001C01.mat,2511001,"(18, 8000)","(8000,)",18,8000,8000,True,-2000.0,1999.5,2000,False,0,14.261149406433105,True
2511001L01.mat,2511001,"(18, 8000)","(8000,)",18,8000,8000,True,-2000.0,1999.5,2000,False,0,21.509048461914062,True
2511101A01.mat,2511101,"(18, 8000)","(8000,)",18,8000,8000,True,-2000.0,1999.5,2000,False,0,23.766958236694336,True
2511101C01.mat,2511101,"(18, 8000)","(8000,)",18,8000,8000,True,-2000.0,1999.5,2000,False,0,16.63340187072754,True
2511101L01.mat,2511101,"(18, 8000)","(8000,)",18,8000,8000,True,-2000.0,1999.5,2000,False,0,68.88433837890625,True
2511201A01.mat,2511201,"(18, 8000)","(8000,)",18,8000,8000,True,-2000.0,1999.5,2000,False,0,34.643577575683594,True
2511201C01.mat,2511201,"(18, 8000)","(8000,)",18,8000,8000,True,-2000.0,1999.5,2000,False,0,32.984683990478516,True
2511201L01.mat,2511201,"(18, 8000)","(8000,)",18,8000,8000,True,-2000.0,1999.5,2000,False,0,76.39612579345703,True
2511301A01.mat,2511301,"(18, 8000)","(8000,)",18,8000,8000,True,-2000.0,1999.5,2000,False,0,18.381229400634766,True
2511301C01.mat,2511301,"(18, 8000)","(8000,)",18,8000,8000,True,-2000.0,1999.5,2000,False,0,29.164918899536133,True
2511301L01.mat,2511301,"(18, 8000)","(8000,)",18,8000,8000,True,-2000.0,1999.5,2000,False,0,36.691917419433594,True
2511401A01.mat,2511401,"(18, 8000)","(8000,)",18,8000,8000,True,-2000.0,1999.5,2000,False,0,10.267004013061523,True
2511401C01.mat,2511401,"(18, 8000)","(8000,)",18,8000,8000,True,-2000.0,1999.5,2000,False,0,19.27353858947754,True
2511401L01.mat,2511401,"(18, 8000)","(8000,)",18,8000,8000,True,-2000.0,1999.5,2000,False,0,27.77262306213379,True
2511501A01.mat,2511501,"(17, 8000)","(8000,)",17,8000,8000,True,-2000.0,1999.5,2000,False,0,27.072853088378906,True
2511501C01.mat,2511501,"(17, 8000)","(8000,)",17,8000,8000,True,-2000.0,1999.5,2000,False,0,22.84899139404297,True
2511501L01.mat,2511501,"(17, 8000)","(8000,)",17,8000,8000,True,-2000.0,1999.5,2000,False,0,37.73447036743164,True
2511601A01.mat,2511601,"(18, 8000)","(8000,)",18,8000,8000,True,-2000.0,1999.5,2000,False,0,46.028717041015625,True
2511601C01.mat,2511601,"(18, 8000)","(8000,)",18,8000,8000,True,-2000.0,1999.5,2000,False,0,34.93134689331055,True
2511601L01.mat,2511601,"(18, 8000)","(8000,)",18,8000,8000,True,-2000.0,1999.5,2000,False,0,24.281543731689453,True
2511701A01.mat,2511701,"(18, 8000)","(8000,)",18,8000,8000,True,-2000.0,1999.5,2000,False,0,38.24055862426758,True
2511701C01.mat,2511701,"(18, 8000)","(8000,)",18,8000,8000,True,-2000.0,1999.5,2000,False,0,42.63078689575195,True
2511701L01.mat,2511701,"(18, 8000)","(8000,)",18,8000,8000,True,-2000.0,1999.5,2000,False,0,86.9955062866211,True
2511801A01.mat,2511801,"(18, 8000)","(8000,)",18,8000,8000,True,-2000.0,1999.5,2000,False,0,48.35972595214844,True
2511801C01.mat,2511801,"(18, 8000)","(8000,)",18,8000,8000,True,-2000.0,1999.5,2000,False,0,52.58882522583008,True
2511801L01.mat,2511801,"(18, 8000)","(8000,)",18,8000,8000,True,-2000.0,1999.5,2000,False,0,50.16363525390625,True
2511901A01.mat,2511901,"(17, 8000)","(8000,)",17,8000,8000,True,-2000.0,1999.5,2000,False,0,21.33283042907715,True
2511901C01.mat,2511901,"(17, 8000)","(8000,)",17,8000,8000,True,-2000.0,1999.5,2000,False,0,25.466230392456055,True
2511901L01.mat,2511901,"(17, 8000)","(8000,)",17,8000,8000,True,-2000.0,1999.5,2000,False,0,155.35462951660156,True
2512001A01.mat,2512001,"(18, 8000)","(8000,)",18,8000,8000,True,-2000.0,1999.5,2000,False,0,30.893754959106445,True
2512001C01.mat,2512001,"(18, 8000)","(8000,)",18,8000,8000,True,-2000.0,1999.5,2000,False,0,30.533306121826172,True
2512001L01.mat,2512001,"(18, 8000)","(8000,)",18,8000,8000,True,-2000.0,1999.5,2000,False,0,31.491334915161133,True
2512101A01.mat,2512101,"(18, 8000)","(8000,)",18,8000,8000,True,-2000.0,1999.5,2000,False,0,42.240272521972656,True
2512101C01.mat,2512101,"(18, 8000)","(8000,)",18,8000,8000,True,-2000.0,1999.5,2000,False,0,29.289194107055664,True
2512101L01.mat,2512101,"(18, 8000)","(8000,)",18,8000,8000,True,-2000.0,1999.5,2000,False,0,43.06148910522461,True
2512201A01.mat,2512201,"(18, 8000)","(8000,)",18,8000,8000,True,-2000.0,1999.5,2000,False,0,59.71585464477539,True
2512201C01.mat,2512201,"(18, 8000)","(8000,)",18,8000,8000,True,-2000.0,1999.5,2000,False,0,22.53465461730957,True
2512201L01.mat,2512201,"(18, 8000)","(8000,)",18,8000,8000,True,-2000.0,1999.5,2000,False,0,57.311153411865234,True
2512301A01.mat,2512301,"(18, 8000)","(8000,)",18,8000,8000,True,-2000.0,1999.5,2000,False,0,22.38097381591797,True
2512301C01.mat,2512301,"(18, 8000)","(8000,)",18,8000,8000,True,-2000.0,1999.5,2000,False,0,27.28819465637207,True
2512301L01.mat,2512301,"(18, 8000)","(8000,)",18,8000,8000,True,-2000.0,1999.5,2000,False,0,25.792375564575195,True
2512401A01.mat,2512401,"(18, 8000)","(8000,)",18,8000,8000,True,-2000.0,1999.5,2000,False,0,34.818477630615234,True
2512401C01.mat,2512401,"(18, 8000)","(8000,)",18,8000,8000,True,-2000.0,1999.5,2000,False,0,30.030332565307617,True
2512401L01.mat,2512401,"(18, 8000)","(8000,)",18,8000,8000,True,-2000.0,1999.5,2000,False,0,33.56832504272461,True
2512501A01.mat,2512501,"(18, 8000)","(8000,)",18,8000,8000,True,-2000.0,1999.5,2000,False,0,27.534421920776367,True
2512501C01.mat,2512501,"(18, 8000)","(8000,)",18,8000,8000,True,-2000.0,1999.5,2000,False,0,30.4794864654541,True
2512501L01.mat,2512501,"(18, 8000)","(8000,)",18,8000,8000,True,-2000.0,1999.5,2000,False,0,40.81649398803711,True
2512601A01.mat,2512601,"(18, 8000)","(8000,)",18,8000,8000,True,-2000.0,1999.5,2000,False,0,29.407489776611328,True
2512601C01.mat,2512601,"(18, 8000)","(8000,)",18,8000,8000,True,-2000.0,1999.5,2000,False,0,33.066864013671875,True
2512601L01.mat,2512601,"(18, 8000)","(8000,)",18,8000,8000,True,-2000.0,1999.5,2000,False,0,89.0089111328125,True
2512701A01.mat,2512701,"(18, 8000)","(8000,)",18,8000,8000,True,-2000.0,1999.5,2000,False,0,26.589786529541016,True
2512701C01.mat,2512701,"(18, 8000)","(8000,)",18,8000,8000,True,-2000.0,1999.5,2000,False,0,23.1859130859375,True
2512701L01.mat,2512701,"(18, 8000)","(8000,)",18,8000,8000,True,-2000.0,1999.5,2000,False,0,24.299161911010742,True
2512801A01.mat,2512801,"(18, 8000)","(8000,)",18,8000,8000,True,-2000.0,1999.5,2000,False,0,32.399147033691406,True
2512801C01.mat,2512801,"(18, 8000)","(8000,)",18,8000,8000,True,-2000.0,1999.5,2000,False,0,33.91065979003906,True
2512801L01.mat,2512801,"(18, 8000)","(8000,)",18,8000,8000,True,-2000.0,1999.5,2000,False,0,31.70235824584961,True
251701L01.mat,251701,"(19, 8000)","(8000,)",19,8000,8000,True,-2000.0,1999.5,2000,False,0,31.478452682495117,True
251801L01.mat,251801,"(19, 8000)","(8000,)",19,8000,8000,True,-2000.0,1999.5,2000,False,0,72773.921875,True
251901L01.mat,251901,"(19, 8000)","(8000,)",19,8000,8000,True,-2000.0,1999.5,2000,False,0,52.033668518066406,True
252001L01.mat,252001,"(19, 8000)","(8000,)",19,8000,8000,True,-2000.0,1999.5,2000,False,0,6502.34326171875,True
252101L01.mat,252101,"(20, 8000)","(8000,)",20,8000,8000,True,-2000.0,1999.5,2000,False,0,64.07266235351562,True
252601L01.mat,252601,"(20, 8000)","(8000,)",20,8000,8000,True,-2000.0,1999.5,2000,False,0,24.129199981689453,True
252801L01.mat,252801,"(20, 8000)","(8000,)",20,8000,8000,True,-2000.0,1999.5,2000,False,0,45.627708435058594,True
253101L01.mat,253101,"(20, 8000)","(8000,)",20,8000,8000,True,-2000.0,1999.5,2000,False,0,44.218658447265625,True
253201L01.mat,253201,"(20, 8000)","(8000,)",20,8000,8000,True,-2000.0,1999.5,2000,False,0,57.04728698730469,True
253501L01.mat,253501,"(20, 8000)","(8000,)",20,8000,8000,True,-2000.0,1999.5,2000,False,0,21.198223114013672,True
254101A01.mat,254101,"(19, 8000)","(8000,)",19,8000,8000,True,-2000.0,1999.5,2000,False,0,15.787347793579102,True
254101C01.mat,254101,"(19, 8000)","(8000,)",19,8000,8000,True,-2000.0,1999.5,2000,False,0,12.315422058105469,True
254101L01.mat,254101,"(19, 8000)","(8000,)",19,8000,8000,True,-2000.0,1999.5,2000,False,0,16.09770965576172,True
254401A01.mat,254401,"(19, 8000)","(8000,)",19,8000,8000,True,-2000.0,1999.5,2000,False,0,15.621160507202148,True
254401C01.mat,254401,"(19, 8000)","(8000,)",19,8000,8000,True,-2000.0,1999.5,2000,False,0,14.658856391906738,True
254401L01.mat,254401,"(19, 8000)","(8000,)",19,8000,8000,True,-2000.0,1999.5,2000,False,0,30.611215591430664,True
254601C01.mat,254601,"(19, 8000)","(8000,)",19,8000,8000,True,-2000.0,1999.5,2000,False,0,21.884267807006836,True
254601L01.mat,254601,"(19, 8000)","(8000,)",19,8000,8000,True,-2000.0,1999.5,2000,False,0,42.082672119140625,True
254601A01.mat,254701,"(19, 8000)","(8000,)",19,8000,8000,True,-2000.0,1999.5,2000,False,0,34.35562515258789,True
254701A01.mat,254701,"(19, 8000)","(8000,)",19,8000,8000,True,-2000.0,1999.5,2000,False,0,145.67356872558594,True
254701C01.mat,254701,"(19, 8000)","(8000,)",19,8000,8000,True,-2000.0,1999.5,2000,False,0,107.8010025024414,True
254701L01.mat,254701,"(19, 8000)","(8000,)",19,8000,8000,True,-2000.0,1999.5,2000,False,0,163.88479614257812,True
254801A01.mat,254801,"(19, 8000)","(8000,)",19,8000,8000,True,-2000.0,1999.5,2000,False,0,23.025211334228516,True
254801C01.mat,254801,"(19, 8000)","(8000,)",19,8000,8000,True,-2000.0,1999.5,2000,False,0,52.82002258300781,True
254801L01.mat,254801,"(19, 8000)","(8000,)",19,8000,8000,True,-2000.0,1999.5,2000,False,0,30.537405014038086,True
254901A01.mat,254901,"(19, 8000)","(8000,)",19,8000,8000,True,-2000.0,1999.5,2000,False,0,5882.5205078125,True
254901C01.mat,254901,"(19, 8000)","(8000,)",19,8000,8000,True,-2000.0,1999.5,2000,False,0,5816.07373046875,True
254901L01.mat,254901,"(19, 8000)","(8000,)",19,8000,8000,True,-2000.0,1999.5,2000,False,0,5814.68798828125,True
255001A01.mat,255001,"(19, 8000)","(8000,)",19,8000,8000,True,-2000.0,1999.5,2000,False,0,1.7382187843322754,True
255001C01.mat,255001,"(19, 8000)","(8000,)",19,8000,8000,True,-2000.0,1999.5,2000,False,0,1.7806276082992554,True
255001L01.mat,255001,"(19, 8000)","(8000,)",19,8000,8000,True,-2000.0,1999.5,2000,False,0,1.7803115844726562,True
255101A01.mat,255101,"(19, 8000)","(8000,)",19,8000,8000,True,-2000.0,1999.5,2000,False,0,2323.64892578125,True
255101C01.mat,255101,"(19, 8000)","(8000,)",19,8000,8000,True,-2000.0,1999.5,2000,False,0,6981.533203125,True
255101L01.mat,255101,"(19, 8000)","(8000,)",19,8000,8000,True,-2000.0,1999.5,2000,False,0,6329.640625,True
255201A01.mat,255201,"(19, 8000)","(8000,)",19,8000,8000,True,-2000.0,1999.5,2000,False,0,25.412961959838867,True
255201C01.mat,255201,"(19, 8000)","(8000,)",19,8000,8000,True,-2000.0,1999.5,2000,False,0,53.027591705322266,True
255201L01.mat,255201,"(19, 8000)","(8000,)",19,8000,8000,True,-2000.0,1999.5,2000,False,0,27.524728775024414,True
255301A01.mat,255301,"(19, 8000)","(8000,)",19,8000,8000,True,-2000.0,1999.5,2000,False,0,7023.77001953125,True
255301C01.mat,255301,"(19, 8000)","(8000,)",19,8000,8000,True,-2000.0,1999.5,2000,False,0,6907.59130859375,True
255301L01.mat,255301,"(19, 8000)","(8000,)",19,8000,8000,True,-2000.0,1999.5,2000,False,0,5924.20751953125,True
255401A01.mat,255401,"(19, 8000)","(8000,)",19,8000,8000,True,-2000.0,1999.5,2000,False,0,10.32233715057373,True
255401C01.mat,255401,"(19, 8000)","(8000,)",19,8000,8000,True,-2000.0,1999.5,2000,False,0,14.91845417022705,True
255401L01.mat,255401,"(19, 8000)","(8000,)",19,8000,8000,True,-2000.0,1999.5,2000,False,0,10.8179292678833,True
255501C01.mat,255401,"(19, 8000)","(8000,)",19,8000,8000,True,-2000.0,1999.5,2000,False,0,1.673495888710022,True
255501A01.mat,255501,"(19, 8000)","(8000,)",19,8000,8000,True,-2000.0,1999.5,2000,False,0,1.6102685928344727,True
255501L01.mat,255501,"(19, 8000)","(8000,)",19,8000,8000,True,-2000.0,1999.5,2000,False,0,1.6780405044555664,True
255601A01.mat,255601,"(19, 8000)","(8000,)",19,8000,8000,True,-2000.0,1999.5,2000,False,0,1.663968563079834,True
255601C01.mat,255601,"(19, 8000)","(8000,)",19,8000,8000,True,-2000.0,1999.5,2000,False,0,1.6871651411056519,True
255601L01.mat,255601,"(19, 8000)","(8000,)",19,8000,8000,True,-2000.0,1999.5,2000,False,0,2.9326586723327637,True
255701A01.mat,255701,"(19, 8000)","(8000,)",19,8000,8000,True,-2000.0,1999.5,2000,False,0,5.750594139099121,True
255701C01.mat,255701,"(19, 8000)","(8000,)",19,8000,8000,True,-2000.0,1999.5,2000,False,0,5.5457916259765625,True
255701L01.mat,255701,"(19, 8000)","(8000,)",19,8000,8000,True,-2000.0,1999.5,2000,False,0,5.611104488372803,True
255801A01.mat,255801,"(19, 8000)","(8000,)",19,8000,8000,True,-2000.0,1999.5,2000,False,0,1.8051270246505737,True
255801C01.mat,255801,"(19, 8000)","(8000,)",19,8000,8000,True,-2000.0,1999.5,2000,False,0,1.7608518600463867,True
255801L01.mat,255801,"(19, 8000)","(8000,)",19,8000,8000,True,-2000.0,1999.5,2000,False,0,1.6296346187591553,True
255901L01.mat,255901,"(19, 8000)","(8000,)",19,8000,8000,True,-2000.0,1999.5,2000,False,0,1.8281289339065552,True
256001A01.mat,256001,"(19, 8000)","(8000,)",19,8000,8000,True,-2000.0,1999.5,2000,False,0,1864.620361328125,True
256001C01.mat,256001,"(19, 8000)","(8000,)",19,8000,8000,True,-2000.0,1999.5,2000,False,0,101.4555892944336,True
256001L01.mat,256001,"(19, 8000)","(8000,)",19,8000,8000,True,-2000.0,1999.5,2000,False,0,745.664794921875,True
256101A01.mat,256101,"(19, 8000)","(8000,)",19,8000,8000,True,-2000.0,1999.5,2000,False,0,1.8186063766479492,True
256101C01.mat,256101,"(19, 8000)","(8000,)",19,8000,8000,True,-2000.0,1999.5,2000,False,0,1.876227855682373,True
256101L01.mat,256101,"(19, 8000)","(8000,)",19,8000,8000,True,-2000.0,1999.5,2000,False,0,1.8376718759536743,True
256201A01.mat,256201,"(19, 8000)","(8000,)",19,8000,8000,True,-2000.0,1999.5,2000,False,0,1.6929947137832642,True
256201C01.mat,256201,"(19, 8000)","(8000,)",19,8000,8000,True,-2000.0,1999.5,2000,False,0,1.8377500772476196,True
256201L01.mat,256201,"(19, 8000)","(8000,)",19,8000,8000,True,-2000.0,1999.5,2000,False,0,1.763981580734253,True
256301A01.mat,256301,"(19, 8000)","(8000,)",19,8000,8000,True,-2000.0,1999.5,2000,False,0,1.859462022781372,True
256301C01.mat,256301,"(19, 8000)","(8000,)",19,8000,8000,True,-2000.0,1999.5,2000,False,0,1.8394999504089355,True
256301L01.mat,256301,"(19, 8000)","(8000,)",19,8000,8000,True,-2000.0,1999.5,2000,False,0,1.7601302862167358,True
256401A01.mat,256401,"(19, 8000)","(8000,)",19,8000,8000,True,-2000.0,1999.5,2000,False,0,1.8247044086456299,True
256401C01.mat,256401,"(19, 8000)","(8000,)",19,8000,8000,True,-2000.0,1999.5,2000,False,0,1.8749477863311768,True
256401L01.mat,256401,"(19, 8000)","(8000,)",19,8000,8000,True,-2000.0,1999.5,2000,False,0,1.93349027633667,True
256501A01.mat,256501,"(19, 8000)","(8000,)",19,8000,8000,True,-2000.0,1999.5,2000,False,0,31.028783798217773,True
256501C01.mat,256501,"(19, 8000)","(8000,)",19,8000,8000,True,-2000.0,1999.5,2000,False,0,42.36412811279297,True
256501L01.mat,256501,"(19, 8000)","(8000,)",19,8000,8000,True,-2000.0,1999.5,2000,False,0,31.562692642211914,True
256601A01.mat,256601,"(18, 8000)","(8000,)",18,8000,8000,True,-2000.0,1999.5,2000,False,0,40.47308349609375,True
256601C01.mat,256601,"(18, 8000)","(8000,)",18,8000,8000,True,-2000.0,1999.5,2000,False,0,9.394621849060059,True
256601L01.mat,256601,"(18, 8000)","(8000,)",18,8000,8000,True,-2000.0,1999.5,2000,False,0,26.94664192199707,True
256701L01.mat,256701,"(19, 8000)","(8000,)",19,8000,8000,True,-2000.0,1999.5,2000,False,0,303.0455322265625,True
256801A01.mat,256801,"(19, 8000)","(8000,)",19,8000,8000,True,-2000.0,1999.5,2000,False,0,2.0080673694610596,True
256801C01.mat,256801,"(19, 8000)","(8000,)",19,8000,8000,True,-2000.0,1999.5,2000,False,0,2.0774002075195312,True
256801L01.mat,256801,"(19, 8000)","(8000,)",19,8000,8000,True,-2000.0,1999.5,2000,False,0,2.151540756225586,True
256901A01.mat,256901,"(19, 8000)","(8000,)",19,8000,8000,True,-2000.0,1999.5,2000,False,0,9.826889038085938,True
256901C01.mat,256901,"(19, 8000)","(8000,)",19,8000,8000,True,-2000.0,1999.5,2000,False,0,37.49992752075195,True
256901L01.mat,256901,"(19, 8000)","(8000,)",19,8000,8000,True,-2000.0,1999.5,2000,False,0,56.84751892089844,True
257001A01.mat,257001,"(18, 8000)","(8000,)",18,8000,8000,True,-2000.0,1999.5,2000,False,0,23.273406982421875,True
257001C01.mat,257001,"(18, 8000)","(8000,)",18,8000,8000,True,-2000.0,1999.5,2000,False,0,18.703954696655273,True
257001L01.mat,257001,"(18, 8000)","(8000,)",18,8000,8000,True,-2000.0,1999.5,2000,False,0,37.00510787963867,True
257101A01.mat,257101,"(19, 8000)","(8000,)",19,8000,8000,True,-2000.0,1999.5,2000,False,0,46.52933883666992,True
257101C01.mat,257101,"(19, 8000)","(8000,)",19,8000,8000,True,-2000.0,1999.5,2000,False,0,52.93414306640625,True
257101L01.mat,257101,"(19, 8000)","(8000,)",19,8000,8000,True,-2000.0,1999.5,2000,False,0,111.5926742553711,True
257201A01.mat,257201,"(19, 8000)","(8000,)",19,8000,8000,True,-2000.0,1999.5,2000,False,0,11.81117057800293,True
257201C01.mat,257201,"(19, 8000)","(8000,)",19,8000,8000,True,-2000.0,1999.5,2000,False,0,9.635188102722168,True
257201L01.mat,257201,"(19, 8000)","(8000,)",19,8000,8000,True,-2000.0,1999.5,2000,False,0,13.60570240020752,True
257301A01.mat,257301,"(19, 8000)","(8000,)",19,8000,8000,True,-2000.0,1999.5,2000,False,0,6.25823450088501,True
257301C01.mat,257301,"(19, 8000)","(8000,)",19,8000,8000,True,-2000.0,1999.5,2000,False,0,7.65482234954834,True
257301L01.mat,257301,"(19, 8000)","(8000,)",19,8000,8000,True,-2000.0,1999.5,2000,False,0,0.7748929858207703,True
257401A01.mat,257401,"(19, 8000)","(8000,)",19,8000,8000,True,-2000.0,1999.5,2000,False,0,0.8371531963348389,True
257401C01.mat,257401,"(19, 8000)","(8000,)",19,8000,8000,True,-2000.0,1999.5,2000,False,0,0.7919744253158569,True
257401L01.mat,257401,"(19, 8000)","(8000,)",19,8000,8000,True,-2000.0,1999.5,2000,False,0,0.725981593132019,True
257501A01.mat,257501,"(19, 8000)","(8000,)",19,8000,8000,True,-2000.0,1999.5,2000,False,0,0.9430270791053772,True
257501C01.mat,257501,"(19, 8000)","(8000,)",19,8000,8000,True,-2000.0,1999.5,2000,False,0,0.8894515037536621,True
257501L01.mat,257501,"(19, 8000)","(8000,)",19,8000,8000,True,-2000.0,1999.5,2000,False,0,0.9796478748321533,True
257601A01.mat,257601,"(19, 8000)","(8000,)",19,8000,8000,True,-2000.0,1999.5,2000,False,0,9.220986366271973,True
257601C01.mat,257601,"(19, 8000)","(8000,)",19,8000,8000,True,-2000.0,1999.5,2000,False,0,8.323616027832031,True
257601L01.mat,257601,"(19, 8000)","(8000,)",19,8000,8000,True,-2000.0,1999.5,2000,False,0,8.811507225036621,True
257701A01.mat,257701,"(12, 8000)","(8000,)",12,8000,8000,True,-2000.0,1999.5,2000,False,0,30.54754066467285,True
257701C01.mat,257701,"(12, 8000)","(8000,)",12,8000,8000,True,-2000.0,1999.5,2000,False,0,26.266128540039062,True
257701L01.mat,257701,"(12, 8000)","(8000,)",12,8000,8000,True,-2000.0,1999.5,2000,False,0,27.299049377441406,True
257801A01.mat,257801,"(18, 8000)","(8000,)",18,8000,8000,True,-2000.0,1999.5,2000,False,0,42.9810905456543,True
257801C01.mat,257801,"(18, 8000)","(8000,)",18,8000,8000,True,-2000.0,1999.5,2000,False,0,48.503910064697266,True
257801L01.mat,257801,"(18, 8000)","(8000,)",18,8000,8000,True,-2000.0,1999.5,2000,False,0,23.796043395996094,True
257901A01.mat,257901,"(18, 8000)","(8000,)",18,8000,8000,True,-2000.0,1999.5,2000,False,0,65.1064682006836,True
257901C01.mat,257901,"(18, 8000)","(8000,)",18,8000,8000,True,-2000.0,1999.5,2000,False,0,60.13795471191406,True
257901L01.mat,257901,"(18, 8000)","(8000,)",18,8000,8000,True,-2000.0,1999.5,2000,False,0,27.84790802001953,True
258001A01.mat,258001,"(18, 8000)","(8000,)",18,8000,8000,True,-2000.0,1999.5,2000,False,0,15.066024780273438,True
258001C01.mat,258001,"(18, 8000)","(8000,)",18,8000,8000,True,-2000.0,1999.5,2000,False,0,30.5913143157959,True
258001L01.mat,258001,"(18, 8000)","(8000,)",18,8000,8000,True,-2000.0,1999.5,2000,False,0,38.064693450927734,True
258101A01.mat,258101,"(18, 8000)","(8000,)",18,8000,8000,True,-2000.0,1999.5,2000,False,0,28.208402633666992,True
258101C01.mat,258101,"(18, 8000)","(8000,)",18,8000,8000,True,-2000.0,1999.5,2000,False,0,24.162778854370117,True
258101L01.mat,258101,"(18, 8000)","(8000,)",18,8000,8000,True,-2000.0,1999.5,2000,False,0,41.82534408569336,True
258201A01.mat,258201,"(18, 8000)","(8000,)",18,8000,8000,True,-2000.0,1999.5,2000,False,0,30.45570945739746,True
258201C01.mat,258201,"(18, 8000)","(8000,)",18,8000,8000,True,-2000.0,1999.5,2000,False,0,28.44645881652832,True
258201L01.mat,258201,"(18, 8000)","(8000,)",18,8000,8000,True,-2000.0,1999.5,2000,False,0,47.06998062133789,True
258301A01.mat,258301,"(18, 8000)","(8000,)",18,8000,8000,True,-2000.0,1999.5,2000,False,0,24.109601974487305,True
258301C01.mat,258301,"(18, 8000)","(8000,)",18,8000,8000,True,-2000.0,1999.5,2000,False,0,22.896644592285156,True
258301L01.mat,258301,"(18, 8000)","(8000,)",18,8000,8000,True,-2000.0,1999.5,2000,False,0,26.71637535095215,True
258401A01.mat,258401,"(16, 8000)","(8000,)",16,8000,8000,True,-2000.0,1999.5,2000,False,0,29.515514373779297,True
258401C01.mat,258401,"(16, 8000)","(8000,)",16,8000,8000,True,-2000.0,1999.5,2000,False,0,30.358936309814453,True
258401L01.mat,258401,"(16, 8000)","(8000,)",16,8000,8000,True,-2000.0,1999.5,2000,False,0,28.87941551208496,True
258601A01.mat,258601,"(18, 8000)","(8000,)",18,8000,8000,True,-2000.0,1999.5,2000,False,0,40.85369873046875,True
258601C01.mat,258601,"(18, 8000)","(8000,)",18,8000,8000,True,-2000.0,1999.5,2000,False,0,21.00896644592285,True
258601L01.mat,258601,"(18, 8000)","(8000,)",18,8000,8000,True,-2000.0,1999.5,2000,False,0,34.86094284057617,True
258701A01.mat,258701,"(18, 8000)","(8000,)",18,8000,8000,True,-2000.0,1999.5,2000,False,0,47.84955978393555,True
258701C01.mat,258701,"(18, 8000)","(8000,)",18,8000,8000,True,-2000.0,1999.5,2000,False,0,48.376338958740234,True
258701L01.mat,258701,"(18, 8000)","(8000,)",18,8000,8000,True,-2000.0,1999.5,2000,False,0,24.92258071899414,True
258801A01.mat,258801,"(18, 8000)","(8000,)",18,8000,8000,True,-2000.0,1999.5,2000,False,0,42.95088577270508,True
258801C01.mat,258801,"(18, 8000)","(8000,)",18,8000,8000,True,-2000.0,1999.5,2000,False,0,44.547386169433594,True
258801L01.mat,258801,"(18, 8000)","(8000,)",18,8000,8000,True,-2000.0,1999.5,2000,False,0,53.70806121826172,True
258901A01.mat,258901,"(18, 8000)","(8000,)",18,8000,8000,True,-2000.0,1999.5,2000,False,0,36.005001068115234,True
258901C01.mat,258901,"(18, 8000)","(8000,)",18,8000,8000,True,-2000.0,1999.5,2000,False,0,44.53547286987305,True
258901L01.mat,258901,"(18, 8000)","(8000,)",18,8000,8000,True,-2000.0,1999.5,2000,False,0,68.05549621582031,True
259001A01.mat,259001,"(18, 8000)","(8000,)",18,8000,8000,True,-2000.0,1999.5,2000,False,0,19.593812942504883,True
259001C01.mat,259001,"(18, 8000)","(8000,)",18,8000,8000,True,-2000.0,1999.5,2000,False,0,39.974891662597656,True
259001L01.mat,259001,"(18, 8000)","(8000,)",18,8000,8000,True,-2000.0,1999.5,2000,False,0,49.212890625,True
259101A01.mat,259101,"(18, 8000)","(8000,)",18,8000,8000,True,-2000.0,1999.5,2000,False,0,23.959980010986328,True
259101C01.mat,259101,"(18, 8000)","(8000,)",18,8000,8000,True,-2000.0,1999.5,2000,False,0,21.968597412109375,True
259101L01.mat,259101,"(18, 8000)","(8000,)",18,8000,8000,True,-2000.0,1999.5,2000,False,0,58.177242279052734,True
259201A01.mat,259201,"(18, 8000)","(8000,)",18,8000,8000,True,-2000.0,1999.5,2000,False,0,19.579999923706055,True
259201C01.mat,259201,"(18, 8000)","(8000,)",18,8000,8000,True,-2000.0,1999.5,2000,False,0,22.54845428466797,True
259201L01.mat,259201,"(18, 8000)","(8000,)",18,8000,8000,True,-2000.0,1999.5,2000,False,0,62.25244903564453,True
259301A01.mat,259301,"(18, 8000)","(8000,)",18,8000,8000,True,-2000.0,1999.5,2000,False,0,42.92238235473633,True
259301C01.mat,259301,"(18, 8000)","(8000,)",18,8000,8000,True,-2000.0,1999.5,2000,False,0,29.200855255126953,True
259301L01.mat,259301,"(18, 8000)","(8000,)",18,8000,8000,True,-2000.0,1999.5,2000,False,0,42.50244140625,True
259401A01.mat,259401,"(18, 8000)","(8000,)",18,8000,8000,True,-2000.0,1999.5,2000,False,0,74.0165786743164,True
259401C01.mat,259401,"(18, 8000)","(8000,)",18,8000,8000,True,-2000.0,1999.5,2000,False,0,75.38819885253906,True
259401L01.mat,259401,"(18, 8000)","(8000,)",18,8000,8000,True,-2000.0,1999.5,2000,False,0,37.275550842285156,True
259501A01.mat,259501,"(18, 8000)","(8000,)",18,8000,8000,True,-2000.0,1999.5,2000,False,0,22.643272399902344,True
259501C01.mat,259501,"(18, 8000)","(8000,)",18,8000,8000,True,-2000.0,1999.5,2000,False,0,21.280370712280273,True
259501L01.mat,259501,"(18, 8000)","(8000,)",18,8000,8000,True,-2000.0,1999.5,2000,False,0,69.7031478881836,True
259601A01.mat,259601,"(18, 8000)","(8000,)",18,8000,8000,True,-2000.0,1999.5,2000,False,0,17.42589569091797,True
259601C01.mat,259601,"(18, 8000)","(8000,)",18,8000,8000,True,-2000.0,1999.5,2000,False,0,68.5198974609375,True
259601L01.mat,259601,"(18, 8000)","(8000,)",18,8000,8000,True,-2000.0,1999.5,2000,False,0,49.80818557739258,True
259701A01.mat,259701,"(18, 8000)","(8000,)",18,8000,8000,True,-2000.0,1999.5,2000,False,0,42.35264587402344,True
259701C01.mat,259701,"(18, 8000)","(8000,)",18,8000,8000,True,-2000.0,1999.5,2000,False,0,38.08812713623047,True
259701L01.mat,259701,"(18, 8000)","(8000,)",18,8000,8000,True,-2000.0,1999.5,2000,False,0,72.60928344726562,True
259801A01.mat,259801,"(18, 8000)","(8000,)",18,8000,8000,True,-2000.0,1999.5,2000,False,0,39.743743896484375,True
259801C01.mat,259801,"(18, 8000)","(8000,)",18,8000,8000,True,-2000.0,1999.5,2000,False,0,36.45376205444336,True
259801L01.mat,259801,"(18, 8000)","(8000,)",18,8000,8000,True,-2000.0,1999.5,2000,False,0,81.5246810913086,True
259901A01.mat,259901,"(18, 8000)","(8000,)",18,8000,8000,True,-2000.0,1999.5,2000,False,0,17.120346069335938,True
259901C01.mat,259901,"(18, 8000)","(8000,)",18,8000,8000,True,-2000.0,1999.5,2000,False,0,21.690837860107422,True
259901L01.mat,259901,"(18, 8000)","(8000,)",18,8000,8000,True,-2000.0,1999.5,2000,False,0,21.110658645629883,True
260201L01.mat,260201,"(19, 8000)","(8000,)",19,8000,8000,True,-2000.0,1999.5,2000,False,0,60.980533599853516,True
260301A01.mat,260301,"(18, 8000)","(8000,)",18,8000,8000,True,-2000.0,1999.5,2000,False,0,26.588855743408203,True
260301C01.mat,260301,"(18, 8000)","(8000,)",18,8000,8000,True,-2000.0,1999.5,2000,False,0,20.723878860473633,True
260301L01.mat,260301,"(19, 8000)","(8000,)",19,8000,8000,True,-2000.0,1999.5,2000,False,0,187.47457885742188,True
260401A01.mat,260401,"(18, 8000)","(8000,)",18,8000,8000,True,-2000.0,1999.5,2000,False,0,16.617895126342773,True
260401C01.mat,260401,"(18, 8000)","(8000,)",18,8000,8000,True,-2000.0,1999.5,2000,False,0,28.458663940429688,True
260401L01.mat,260401,"(18, 8000)","(8000,)",18,8000,8000,True,-2000.0,1999.5,2000,False,0,43.48248291015625,True
260501A01.mat,260501,"(18, 8000)","(8000,)",18,8000,8000,True,-2000.0,1999.5,2000,False,0,19.907236099243164,True
260501C01.mat,260501,"(18, 8000)","(8000,)",18,8000,8000,True,-2000.0,1999.5,2000,False,0,54.5707893371582,True
260501L01.mat,260501,"(18, 8000)","(8000,)",18,8000,8000,True,-2000.0,1999.5,2000,False,0,42.0123405456543,True
260601A01.mat,260601,"(18, 8000)","(8000,)",18,8000,8000,True,-2000.0,1999.5,2000,False,0,5.767611026763916,True
260601C01.mat,260601,"(18, 8000)","(8000,)",18,8000,8000,True,-2000.0,1999.5,2000,False,0,19.99578857421875,True
260601L01.mat,260601,"(18, 8000)","(8000,)",18,8000,8000,True,-2000.0,1999.5,2000,False,0,23.6860294342041,True
260701A01.mat,260701,"(18, 8000)","(8000,)",18,8000,8000,True,-2000.0,1999.5,2000,False,0,14.52631664276123,True
260701C02.mat,260701,"(18, 8000)","(8000,)",18,8000,8000,True,-2000.0,1999.5,2000,False,0,104.98117065429688,True
260701L01.mat,260701,"(18, 8000)","(8000,)",18,8000,8000,True,-2000.0,1999.5,2000,False,0,27.678768157958984,True
260801A01.mat,260801,"(18, 8000)","(8000,)",18,8000,8000,True,-2000.0,1999.5,2000,False,0,21.02457618713379,True
260801C01.mat,260801,"(18, 8000)","(8000,)",18,8000,8000,True,-2000.0,1999.5,2000,False,0,26.3039493560791,True
260801L01.mat,260801,"(18, 8000)","(8000,)",18,8000,8000,True,-2000.0,1999.5,2000,False,0,49.13157653808594,True
260901A01.mat,260901,"(18, 8000)","(8000,)",18,8000,8000,True,-2000.0,1999.5,2000,False,0,45.194602966308594,True
260901C01.mat,260901,"(18, 8000)","(8000,)",18,8000,8000,True,-2000.0,1999.5,2000,False,0,132.6054229736328,True
260901L01.mat,260901,"(18, 8000)","(8000,)",18,8000,8000,True,-2000.0,1999.5,2000,False,0,50.178192138671875,True
261001A01.mat,261001,"(18, 8000)","(8000,)",18,8000,8000,True,-2000.0,1999.5,2000,False,0,17.25066566467285,True
261001C01.mat,261001,"(18, 8000)","(8000,)",18,8000,8000,True,-2000.0,1999.5,2000,False,0,25.3160343170166,True
261001L01.mat,261001,"(18, 8000)","(8000,)",18,8000,8000,True,-2000.0,1999.5,2000,False,0,26.969268798828125,True
261101A01.mat,261101,"(18, 8000)","(8000,)",18,8000,8000,True,-2000.0,1999.5,2000,False,0,45.66832733154297,True
261101C01.mat,261101,"(18, 8000)","(8000,)",18,8000,8000,True,-2000.0,1999.5,2000,False,0,22.56394386291504,True
261101L01.mat,261101,"(18, 8000)","(8000,)",18,8000,8000,True,-2000.0,1999.5,2000,False,0,21.875410079956055,True
261201A01.mat,261201,"(18, 8000)","(8000,)",18,8000,8000,True,-2000.0,1999.5,2000,False,0,30.078580856323242,True
261201C01.mat,261201,"(18, 8000)","(8000,)",18,8000,8000,True,-2000.0,1999.5,2000,False,0,27.287092208862305,True
261201L01.mat,261201,"(18, 8000)","(8000,)",18,8000,8000,True,-2000.0,1999.5,2000,False,0,34.611507415771484,True
261301A01.mat,261301,"(18, 8000)","(8000,)",18,8000,8000,True,-2000.0,1999.5,2000,False,0,46.18353271484375,True
261301C01.mat,261301,"(18, 8000)","(8000,)",18,8000,8000,True,-2000.0,1999.5,2000,False,0,34.77843475341797,True
261301L01.mat,261301,"(18, 8000)","(8000,)",18,8000,8000,True,-2000.0,1999.5,2000,False,0,39.12184524536133,True
261401A01.mat,261401,"(18, 8000)","(8000,)",18,8000,8000,True,-2000.0,1999.5,2000,False,0,35.495113372802734,True
261401C01.mat,261401,"(18, 8000)","(8000,)",18,8000,8000,True,-2000.0,1999.5,2000,False,0,18.034061431884766,True
261401L01.mat,261401,"(18, 8000)","(8000,)",18,8000,8000,True,-2000.0,1999.5,2000,False,0,20.822622299194336,True
261501A01.mat,261501,"(18, 8000)","(8000,)",18,8000,8000,True,-2000.0,1999.5,2000,False,0,23.996353149414062,True
261501C01.mat,261501,"(18, 8000)","(8000,)",18,8000,8000,True,-2000.0,1999.5,2000,False,0,22.837900161743164,True
261501L01.mat,261501,"(18, 8000)","(8000,)",18,8000,8000,True,-2000.0,1999.5,2000,False,0,31.92490005493164,True
261601A01.mat,261601,"(18, 8000)","(8000,)",18,8000,8000,True,-2000.0,1999.5,2000,False,0,29.524402618408203,True
261601C01.mat,261601,"(18, 8000)","(8000,)",18,8000,8000,True,-2000.0,1999.5,2000,False,0,62.71510696411133,True
261601L01.mat,261601,"(18, 8000)","(8000,)",18,8000,8000,True,-2000.0,1999.5,2000,False,0,63.59693145751953,True
261701A01.mat,261701,"(18, 8000)","(8000,)",18,8000,8000,True,-2000.0,1999.5,2000,False,0,15.692342758178711,True
261701C01.mat,261701,"(18, 8000)","(8000,)",18,8000,8000,True,-2000.0,1999.5,2000,False,0,24.40118980407715,True
261701L01.mat,261701,"(18, 8000)","(8000,)",18,8000,8000,True,-2000.0,1999.5,2000,False,0,24.564748764038086,True
261801A01.mat,261801,"(18, 8000)","(8000,)",18,8000,8000,True,-2000.0,1999.5,2000,False,0,107.48841857910156,True
261801C01.mat,261801,"(18, 8000)","(8000,)",18,8000,8000,True,-2000.0,1999.5,2000,False,0,47.73733901977539,True
261801L01.mat,261801,"(18, 8000)","(8000,)",18,8000,8000,True,-2000.0,1999.5,2000,False,0,24.329750061035156,True
261901A01.mat,261901,"(18, 8000)","(8000,)",18,8000,8000,True,-2000.0,1999.5,2000,False,0,23.03042221069336,True
261901C01.mat,261901,"(18, 8000)","(8000,)",18,8000,8000,True,-2000.0,1999.5,2000,False,0,29.549697875976562,True
261901L01.mat,261901,"(18, 8000)","(8000,)",18,8000,8000,True,-2000.0,1999.5,2000,False,0,41.586360931396484,True
